Sr_no,id,name_org,name,popularity,danceability,energy,key,loudness,mode,speechiness,acousticness,instrumentalness,liveness,valence,tempo,duration_ms,time_signature,team_member_id
1,0Ryd8975WihbObpp5cPW1t,boyfriend (with Social House),Boyfriend (With Social House),94,0.4,0.795,10,-3.731,0,0.461,0.119,0,0.159,0.702,190.097,186107,4,mem_1
2,5hQSXkFgbxjZo9uCwd11so,False God,False God,81,0.739,0.32,11,-10.862,0,0.239,0.736,0.000147,0.111,0.351,79.97,200307,4,mem_1
3,5RIe5M5m6p0gNMNYju8edX,Superior Emotion,Superior Emotion,52,0.678,0.604,1,-6.854,1,0.0461,0.444,0.000994,0.137,0.404,144.017,206028,4,mem_1
4,1B0BQaSRHxhI0AUlItY3LK,MALAMENTE - Cap.1: Augurio,Malamente - Cap.1: Augurio,75,0.893,0.482,0,-4.779,0,0.0873,0.549,0.0164,0.0752,0.53,97.975,150027,4,mem_1
5,6ZRuF2n1CQxyxxAAWsKJOy,Nights Like This (feat. Ty Dolla $ign),Nights Like This (Feat. Ty Dolla $Ign),80,0.61,0.725,8,-5.131,1,0.15,0.367,0,0.154,0.291,146.163,201788,4,mem_1
6,3GCdLUSnKSMJhs4Tj6CV3s,All The Stars (with SZA),All The Stars (With Sza),79,0.698,0.633,8,-4.946,1,0.0597,0.0605,0.000194,0.0926,0.552,96.924,232187,4,mem_1
7,3JPXFD2aJ4dHPMnGwo41bO,Hurt Again,Hurt Again,73,0.826,0.701,4,-4.176,0,0.0495,0.251,1.74E-06,0.0936,0.784,129.977,202320,4,mem_1
8,1vYh9x8UmFTLbXiizk9Qc5,I Believe,I Believe,75,0.749,0.774,9,-6.221,1,0.12,0.0857,1.14E-05,0.11,0.35,99.019,217533,4,mem_1
9,5p7ujcrUXASCNwRaWNHR1C,Without Me,Without Me,89,0.752,0.488,6,-7.05,1,0.0705,0.297,9.11E-06,0.0936,0.533,136.041,201661,4,mem_1
10,7Ewz6bJ97vUqk5HdkvguFQ,Heaven,Heaven,76,0.382,0.589,9,-7.315,0,0.0267,0.0465,0,0.122,0.335,140.059,243360,4,mem_1
11,6V9fHiv84WlVTg7CSnIVY2,Graveyard,Graveyard,88,0.667,0.583,11,-5.127,0,0.0747,0.231,4.48E-05,0.181,0.187,92.043,181806,4,mem_1
12,02j4mnF3g6FOVtRZWF9OkE,Ishq Ka Haafiz,Ishq Ka Haafiz,41,0.707,0.723,0,-4.927,0,0.0486,0.321,0,0.0541,0.695,142.494,234740,3,mem_1
13,4d9j7isBY8QlPwvixVt00b,Dive Deep,Dive Deep,36,0.652,0.829,9,-6.469,1,0.0365,0.621,0.00903,0.221,0.622,138.101,229733,4,mem_1
14,3hwQhakFwm9soLEBnSDH17,Venice Bitch,Venice Bitch,78,0.404,0.298,9,-12.986,0,0.0304,0.912,0.228,0.0996,0.315,78.815,577199,4,mem_1
15,0pMfPzdRiPAoSM9yWF4OcT,Golden Hour,Golden Hour,69,0.611,0.555,6,-6.372,0,0.0274,0.0952,0,0.11,0.413,88.969,198453,4,mem_1
16,04MoJkJzCoU9ukeewv5Vzu,Happy & Sad,Happy & Sad,65,0.642,0.657,10,-5.246,1,0.0333,0.249,0,0.111,0.658,90,243187,4,mem_1
17,7oqftogUN82Q7VNy2TmTJW,MOOD 4 EVA (feat. Oumou SangarÈ),Mood 4 Eva (Feat. Oumou SangarÈ),73,0.608,0.709,7,-6.175,1,0.374,0.119,0,0.337,0.709,105.742,272069,4,mem_1
18,1ymvyDsiAUbzEhmSkfCSYh,Hakuna Matata,Hakuna Matata,72,0.53,0.584,0,-11.891,1,0.218,0.274,0,0.158,0.575,81.854,251520,4,mem_1
19,7MtVPRGtZl6rPjMfLoI3Lh,Fuck it I love you,Fuck It I Love You,81,0.532,0.452,9,-10.654,0,0.043,0.892,0.00113,0.127,0.203,129.895,218288,4,mem_1
20,6q8onrzcka32nGVrnWYGBQ,Lovers,Lovers,60,0.599,0.518,8,-7.902,1,0.0333,0.479,0.00435,0.136,0.455,95.031,215773,4,mem_1
21,6bt1R3HFqITysmy3W88M3c,pictures (feat. Kacey Musgraves),Pictures (Feat. Kacey Musgraves),54,0.567,0.542,2,-6.64,1,0.0309,0.309,0.000342,0.0734,0.229,125.16,253869,4,mem_1
22,5EBvHC0SGFJDenBJafqOX4,100 Letters,100 Letters,58,0.745,0.713,11,-5.129,0,0.0896,0.155,0,0.0653,0.376,110.052,209980,4,mem_1
23,6vSmbrcdlXDEkQ8VAHK4Nl,Don't Forget Me,Don't Forget Me,36,0.382,0.686,3,-8.46,1,0.0484,0.173,0.00193,0.109,0.103,105.247,313773,4,mem_1
24,5iq0Tela3gm73ZW72XZ5dm,Baba O'Riley - ConfidentialMX Remix,Baba O'Riley - ConfidentialMX Remix,57,0.293,0.369,5,-17.075,1,0.0425,0.408,0.62,0.118,0.221,117.652,153987,4,mem_1
25,38UCGIpo273uGgdBXbi992,Wonder Woman,Wonder Woman,62,0.669,0.653,11,-5.675,1,0.0269,0.11,1.58E-05,0.0826,0.528,104.995,240427,4,mem_1
26,1r1WtSrPbAOYHE7zwq4eqK,Haunting,Haunting,60,0.461,0.696,9,-5.752,0,0.0486,0.015,0.000491,0.21,0.311,180.006,260797,4,mem_1
27,7vRriwrloYVaoAe3a9wJHe,"i hate u, i love u (feat. olivia o'brien)","I Hate U, I Love U (Feat. Olivia O'brien)",81,0.492,0.275,6,-13.4,0,0.3,0.687,0,0.101,0.18,92.6,251034,4,mem_1
28,2VlLbhGLVJgdOW7kKdWWFc,Six Feet Under,Six Feet Under,79,0.583,0.301,11,-12.693,0,0.0391,0.815,0.000232,0.0799,0.176,67.448,189613,4,mem_1
29,2ISgPZhbeqTrJFlSOMwrjF,Bound Together,Bound Together,40,0.534,0.455,11,-12.833,0,0.0608,0.468,0.0271,0.135,0.197,151.864,213158,4,mem_1
30,2hloaUoRonYssMuqLCBLTX,bloodline,Bloodline,76,0.758,0.665,2,-5.188,0,0.0774,0.0815,0.000157,0.216,0.643,151.976,216893,4,mem_1
31,49X4TyM1BB1Xmw4P8moJ6p,We Talk all the Time,We Talk All The Time,51,0.685,0.623,11,-7.124,1,0.0509,0.11,0.00121,0.148,0.446,89.999,195315,4,mem_1
32,3XeqINnregzwBJNg7RyyH4,Why,Why,68,0.689,0.416,0,-9.247,0,0.0494,0.648,1.64E-06,0.0637,0.248,127.031,238173,4,mem_1
33,4XLu3tTSZiPFVC9mmuR6Zp,All These Years,All These Years,71,0.732,0.436,1,-7.409,0,0.117,0.609,0,0.108,0.475,94.852,164373,4,mem_1
34,4o4Om7QvjLHNzK4ePh1QkR,How My Heart Behaves,How My Heart Behaves,25,0.563,0.351,0,-11.271,1,0.0288,0.816,0.0122,0.114,0.139,115.055,266613,4,mem_1
35,0TK2YIli7K1leLovkQiNik,SeÒorita,Senorita,100,0.759,0.54,9,-6.039,0,0.0287,0.037,0,0.0945,0.75,116.947,190960,4,mem_1
36,180WImKPbvdUrboKUov5f4,More Than That,More Than That,62,0.595,0.442,4,-12.899,0,0.282,0.0709,0,0.139,0.297,48.702,158733,4,mem_1
37,2vdBo4ALPYbHRUPKgtE5iC,ghostin,Ghostin,74,0.287,0.364,9,-8.295,1,0.0306,0.418,1.80E-05,0.185,0.11,103.777,271467,4,mem_1
38,5Po5YmT4RhawSeqNXx5m0o,Maybe You're the Reason,Maybe You're The Reason,57,0.621,0.762,5,-6.376,1,0.0328,0.106,2.71E-06,0.302,0.395,95.014,218936,4,mem_1
39,5sra5UY6sD658OabHL3QtI,Empire State of Mind (Part II) Broken Down,Empire State Of Mind (Part Ii) Broken Down,73,0.479,0.368,6,-7.784,1,0.0341,0.739,4.10E-05,0.118,0.142,92.959,216480,4,mem_1
40,0Lbe98RKWwBbu1sipPSa4n,Cool Blue,Cool Blue,52,0.386,0.576,0,-10.463,1,0.0598,0.886,0.0783,0.151,0.512,180.022,231333,3,mem_1
41,0lgKENdO0Gs5D5yz5d1vnx,All Over Me,All Over Me,27,0.626,0.387,11,-10.014,0,0.0299,0.245,0.00636,0.107,0.155,139.766,221842,4,mem_1
42,0qtsTTSpYQEu53Mz55MK0b,Haunt You,Haunt You,57,0.658,0.458,0,-8.738,1,0.0785,0.371,0,0.0958,0.29,91.914,198253,4,mem_1
43,3vgiIJW3iSQRRvgYiW86i9,Brillo,Brillo,72,0.535,0.384,9,-10.049,0,0.362,0.89,0,0.0964,0.767,145.947,159573,4,mem_1
44,0bzbvANY6oETSJLc0wlVGY,Lover,Lover,81,0.359,0.543,7,-7.582,1,0.0919,0.492,1.58E-05,0.118,0.453,68.534,221307,4,mem_1
45,4gjFNGQ0BodNqiOAOAOMSW,Raat Ka Nasha,Raat Ka Nasha,38,0.59,0.596,5,-7.932,0,0.037,0.548,5.16E-06,0.463,0.692,83.113,313613,4,mem_1
46,5NjVCNaYDFM0gCT1hES4dr,Haunt You,Haunt You,64,0.658,0.458,0,-8.738,1,0.0785,0.371,0,0.0958,0.29,91.914,198267,4,mem_1
47,7DDcNAaRQm1cyDeJ4yLafO,Reflecting Light,Reflecting Light,49,0.475,0.229,8,-13.643,0,0.0289,0.84,0.0145,0.106,0.107,106.755,197067,3,mem_1
48,1SymEzIT3H8UZfibCs3TYi,Afterglow,Afterglow,82,0.756,0.449,9,-8.746,1,0.0344,0.13,0,0.114,0.399,111.011,223293,4,mem_1
49,5r8mGKhCDIVWb3AG4hm0l0,PIENSO EN TU MIR¡ - Cap.3: Celos,Pienso En Tu Mira - Cap.3: Celos,68,0.647,0.676,8,-6.025,1,0.0862,0.0909,0.0227,0.0947,0.41,164.51,193767,3,mem_1
50,0juMU08O9byWiRBtKM1j5E,Circle of Life/Nants' Ingonyama,Circle Of Life/Nants' Ingonyama,68,0.297,0.518,10,-8.152,1,0.0378,0.412,1.10E-05,0.298,0.496,81.425,241800,4,mem_1
51,1ocYa8PoVd5e2vPn0xHJcA,Saiyaara,Saiyaara,45,0.659,0.665,8,-8.181,0,0.0266,0.456,0.000486,0.0898,0.692,93.012,252160,4,mem_1
52,3vv9phIu6Y1vX3jcqaGz5Z,Roses,Roses,73,0.713,0.802,4,-7.055,1,0.0561,0.0435,0.00377,0.309,0.343,100.001,226739,4,mem_1
53,64OFkMJL7qpbtVXlNQ63nS,How My Heart Behaves,How My Heart Behaves,26,0.549,0.345,0,-11.042,1,0.0294,0.822,0.0136,0.112,0.162,115.079,266613,4,mem_1
54,5WtfUKzXircvW8l5aaVZWT,What A Time (feat. Niall Horan),What A Time (Feat. Niall Horan),78,0.518,0.467,0,-6.184,1,0.0302,0.662,0,0.0853,0.386,132.854,173307,4,mem_1
55,09CtPGIpYB4BrO8qb1RGsF,Sorry,Sorry,80,0.605,0.768,0,-3.724,0,0.0476,0.0865,0,0.308,0.414,100.209,200787,4,mem_1
56,1TVd8FHpeg1Afa92kaO0kR,Petals,Petals,63,0.359,0.286,9,-10.172,0,0.0338,0.908,0.0036,0.109,0.229,152.205,152333,4,mem_1
57,6ET9kf9riLETWs9lePUEAI,Slow Burn,Slow Burn,70,0.555,0.43,2,-9.105,1,0.0295,0.462,0.000191,0.0869,0.274,147.613,246133,4,mem_1
58,1Av69kr9JitqPWo7WJLS5q,Can We Kiss Forever?,Can We Kiss Forever?,72,0.493,0.13,4,-18.725,1,0.0369,0.898,0.0223,0.0941,0.119,109.852,187899,4,mem_1
59,4FGpzz2ciXUCya6sW5M7qf,Apologies,Apologies,39,0.385,0.395,5,-9.1,1,0.0286,0.508,0,0.0961,0.142,134.703,312613,4,mem_1
60,7LwGBxB0h0CVmkOZxYKn0g,In My Veins - Feat. Erin Mccarley,In My Veins - Feat. Erin Mccarley,64,0.548,0.42,0,-7.842,1,0.0277,0.198,4.46E-06,0.0899,0.196,128.012,318909,4,mem_1
61,285pBltuF7vW8TeWk8hdRR,Lucid Dreams,Lucid Dreams,87,0.511,0.566,6,-7.23,0,0.2,0.349,0,0.34,0.218,83.903,239836,4,mem_1
62,0HVKRenL5KRyNsH4dTow01,Honey Honey,Honey Honey,30,0.581,0.168,0,-11.275,0,0.0304,0.91,0.000986,0.152,0.26,108.274,206160,4,mem_1
63,1bhUWB0zJMIKr9yVPrkEuI,Perfect Duet (Ed Sheeran & BeyoncÈ),Perfect Duet (Ed Sheeran & BeyoncÈ),78,0.587,0.299,8,-7.365,1,0.0263,0.779,0,0.123,0.356,94.992,259550,3,mem_1
64,0cDTRD8PzgLE8bVwYxaoP8,B&W,B&W,33,0.603,0.444,0,-12.646,1,0.0395,0.93,0.000208,0.0807,0.285,95.02,196647,4,mem_1
65,1zSKtBze2IReYU44W0lDzd,Can You Feel the Love Tonight,Can You Feel The Love Tonight,75,0.337,0.331,5,-10.16,1,0.0385,0.657,0,0.085,0.35,103.203,182613,5,mem_1
66,2AdjRQ1xp5volT2wj2DfOq,Naina Bawre,Naina Bawre,22,0.591,0.536,0,-10.554,1,0.0442,0.756,0.000919,0.13,0.61,127.878,291898,4,mem_1
67,4lIxdJw6W3Fg4vUIYCB0S5,Style,Style,63,0.598,0.786,2,-5.572,1,0.0382,0.00256,0.00143,0.117,0.456,95.021,231000,4,mem_1
68,5LND6uMgE2QUse43kHdMPn,"Snehidhane, Pt. 1","Snehidhane, Pt. 1",37,0.545,0.343,5,-13.671,0,0.0438,0.207,0,0.124,0.416,103.961,365924,4,mem_1
69,5VJUjLNpEWkCKIxJWILRHk,What Have I Done,What Have I Done,24,0.648,0.52,9,-7.016,0,0.0315,0.0545,0.0141,0.283,0.604,131.153,202000,4,mem_1
70,6vo7Y1iWyZvpjvFbf6BiZ5,Kalank (Title Track),Kalank (Title Track),67,0.57,0.55,10,-8.343,1,0.035,0.524,3.73E-05,0.0921,0.435,117.999,311186,4,mem_1
71,5OCJzvD7sykQEKHH7qAC3C,God is a woman,God Is A Woman,82,0.602,0.658,1,-5.934,1,0.0558,0.0233,6.00E-05,0.237,0.268,145.031,197547,4,mem_1
72,0rzNMzZsubFcXSEh7dnem7,Hold Up,Hold Up,76,0.524,0.397,0,-11.936,1,0.405,0.745,0,0.521,0.552,80.744,221093,4,mem_1
73,43rA71bccXFGD4C8GOpIlN,I Forgot That You Existed,I Forgot That You Existed,86,0.664,0.316,5,-10.345,1,0.519,0.298,2.03E-06,0.0812,0.541,92.875,170640,4,mem_1
74,47OqtEbWGkG6eDNGUNCYYB,Hard Place,Hard Place,62,0.614,0.719,9,-4.694,1,0.0955,0.179,1.72E-05,0.163,0.34,160.075,271733,4,mem_1
75,7y9iMe8SOB6z3NoHE2OfXl,Bad At Love,Bad At Love,78,0.675,0.751,0,-3.539,1,0.0296,0.0604,0,0.0893,0.612,118.384,181279,4,mem_1
76,4YGlRLe6TeBRiXFByBqldf,The Way You Look Tonight,The Way You Look Tonight,62,0.643,0.488,6,-10.269,1,0.028,0.536,0.000304,0.268,0.473,110.032,277760,4,mem_1
77,3ICxCafLo6xcASR4yij84K,Static Waves - Feat. Katie Herzig,Static Waves - Feat. Katie Herzig,38,0.62,0.534,5,-8.865,1,0.0266,0.0634,0,0.093,0.337,144.059,220613,4,mem_1
78,59HjlYCeBsxdI0fcm3zglw,Wildest Dreams,Wildest Dreams,65,0.553,0.664,8,-7.417,1,0.0741,0.0709,0.0056,0.106,0.467,140.06,220440,4,mem_1
79,6fi8m0iBPSrTPHle0CEJev,Passionfruit (triple j Like A Version),Passionfruit (Triple J Like A Version),44,0.498,0.42,8,-12.098,0,0.0436,0.668,0.1,0.108,0.41,110.25,268975,4,mem_1
80,6vJ6FR4WtlKSxe8lmh3F1C,Baby You're Worth It,Baby You're Worth It,69,0.695,0.253,2,-15.884,1,0.0461,0.685,0.14,0.105,0.264,120.033,130926,4,mem_1
81,543bCW2ruMPmxUBWirQ3MR,Cross Me (feat. Chance the Rapper & PnB Rock),Cross Me (Feat. Chance The Rapper & Pnb Rock),83,0.746,0.787,4,-6.373,1,0.12,0.214,0,0.0669,0.607,95.005,206187,4,mem_1
82,2b8fOow8UzyDFAE27YhOZM,Memories,Memories,87,0.764,0.32,11,-7.209,1,0.0546,0.837,0,0.0822,0.575,91.019,189486,4,mem_1
83,3jtKSUiVDowKNBqVQbWaig,Iktara,Iktara,51,0.616,0.525,7,-7.065,1,0.0258,0.401,0.000484,0.309,0.427,79.976,253773,4,mem_1
84,4vUmTMuQqjdnvlZmAH61Qk,South of the Border (feat. Camila Cabello & Cardi B),South Of The Border (Feat. Camila Cabello & Cardi B),88,0.857,0.621,9,-6.376,0,0.0824,0.148,0,0.0865,0.668,97.986,204467,4,mem_1
85,5t3Vk8bRKylx4fjj7qlbib,bitches broken hearts,Bitches Broken Hearts,79,0.777,0.422,0,-10.114,1,0.0482,0.919,0.00877,0.0958,0.187,120.041,176472,4,mem_1
86,60a0Rd6pjrkxjPbaKzXjfq,In the End,In The End,83,0.542,0.853,3,-6.407,0,0.0498,0.0103,0,0.108,0.37,105.256,216933,4,mem_1
87,0LnlTTgv5253a2I287jiuq,Patang,Patang,34,0.295,0.305,7,-7.769,1,0.0306,0.738,5.94E-05,0.104,0.244,127.054,285450,3,mem_1
88,0MHl7k0srcmub4lsesOLQO,Easier,Easier,10,0.489,0.255,6,-12.351,0,0.0418,0.0608,0.00869,0.0559,0.203,139.923,295603,4,mem_1
89,3dhjNA0jGA8vHBQ1VdD6vV,I Feel It Coming,I Feel It Coming,79,0.773,0.819,0,-5.946,0,0.118,0.426,0,0.0679,0.585,92.99,269187,4,mem_1
90,3qiyyUfYe7CRYLucrPmulD,Baba O'Riley,Baba O'riley,78,0.494,0.722,5,-8.373,1,0.0347,0.287,0.186,0.283,0.156,117.312,300000,4,mem_1
91,4swvQp8fIzN6ZMVaXnXRsr,did you/fall apart,Did You/Fall Apart,45,0.483,0.159,1,-12.708,1,0.0313,0.89,0.2,0.101,0.121,140.316,172299,3,mem_1
92,5WoIz3RtJAsdiDCHzOjo0c,Wakhra Swag (feat. Badshah),Wakhra Swag (Feat. Badshah),46,0.795,0.641,7,-5.73,0,0.242,0.148,2.00E-06,0.0824,0.736,159.91,190500,4,mem_1
93,6NUv0urSLNOQYRqRmd0HjU,Meharbani Teri,Meharbani Teri,9,0.38,0.598,5,-8.04,0,0.0383,0.143,0.00144,0.101,0.27,89.22,386059,4,mem_1
94,6fxVffaTuwjgEk5h9QyRjy,Photograph,Photograph,66,0.614,0.379,4,-10.48,1,0.0476,0.607,0.000464,0.0986,0.201,107.989,258987,4,mem_1
95,7fiFJADUcHwTdYLmnZeLAy,Hesitate,Hesitate,68,0.622,0.485,2,-7.259,1,0.0322,0.227,0,0.0889,0.236,118.051,208840,4,mem_1
96,7r6xGsyES2DTacyP6O585i,Never Ending Story,Never Ending Story,77,0.438,0.489,0,-11.568,1,0.0465,0.0103,1.22E-05,0.442,0.182,136.077,125480,3,mem_1
97,5mCPDVBb16L4XQwDdbRUpz,Passionfruit,Passionfruit,80,0.804,0.459,11,-11.556,1,0.039,0.304,0.0862,0.11,0.372,111.963,298941,4,mem_1
98,0tgVpDi06FyKpA1z0VMD4v,Perfect,Perfect,87,0.599,0.448,8,-6.312,1,0.0232,0.163,0,0.106,0.168,95.05,263400,3,mem_1
99,01qgLtk6olCOixHUi2lYXq,Medicine,Medicine,4,0.642,0.376,7,-10.669,0,0.0373,0.374,0,0.139,0.0817,110.004,251563,4,mem_1
100,4qBFhjcAsLFizQOccMOuzK,Gamble,Gamble,42,0.551,0.153,2,-11.571,1,0.0328,0.904,0,0.112,0.187,97.823,254667,4,mem_1
101,3PfvRBNy3J23eLxDp5iZd4,100 Bars & Gunnin,100 Bars & Gunnin,49,0.743,0.753,7,-7.584,1,0.28,0.00176,0,0.189,0.531,94.064,122553,4,mem_2
102,2f0VlO0xSJtgt2jkmOJzhT,9 Carrots,9 Carrots,43,0.658,0.645,9,-7.323,0,0.113,0.0274,0.0311,0.106,0.55,79.244,181272,4,mem_2
103,0V3zk01d9ihHcXv1S3h7yQ,Son Of Serpentine,Son Of Serpentine,44,0.878,0.821,1,-6.766,1,0.2,0.00166,0.000166,0.0612,0.818,164.995,104727,4,mem_2
104,6ZyEkJUOrNJhM2ysyK71hw,Daddy Aioli Interlude,Daddy Aioli Interlude,53,0.541,0.483,9,-9.712,0,0.217,0.737,0,0.306,0.263,107.855,85453,4,mem_2
105,1oUbYmF4SYYHorKY1wKo0K,Dream Dream Dream,Dream Dream Dream,59,0.372,0.555,4,-6.509,1,0.0332,0.13,1.26E-06,0.181,0.192,64.913,234933,4,mem_2
106,5h3uwxELUVyVpMuLXjdKKV,Spontaneous,Spontaneous,51,0.645,0.791,5,-8.051,0,0.0384,0.0693,0.935,0.23,0.039,114.477,128647,4,mem_2
107,45DVlz0NtoU21E2yEr9ZUI,Twist Of Fate/ Cobra,Twist Of Fate/ Cobra,42,0.52,0.934,3,-4.426,1,0.0621,0.000475,4.23E-05,0.0719,0.317,95.923,250032,4,mem_2
108,5OO7ybh0GQlXslHX4U4Vgr,CAROLMART FEAT. ICE BILLION BERG,Carolmart Feat. Ice Billion Berg,57,0.736,0.671,1,-7.764,1,0.0505,0.00535,0,0.108,0.505,155.131,164120,4,mem_2
109,4Mqfhqtb5WmondLWYsCCrz,The Boys Are Back In Town,The Boys Are Back In Town,69,0.853,0.701,8,-5.908,1,0.34,0.212,0,0.142,0.643,155.069,147907,4,mem_2
110,2S9r3he7RP6j6ptiQGVW6Y,Kids,Kids,59,0.635,0.694,1,-3.549,1,0.159,0.0596,0,0.141,0.398,85.809,270131,4,mem_2
111,0tjsoAZfZO2kTrGbfOBuMt,Fast Lane,Fast Lane,40,0.591,0.928,6,-3.166,0,0.118,0.000342,0.0541,0.372,0.827,82.03,181463,4,mem_2
112,6HUFOiTIGCizkemQxhQTao,Gravy For Pope,Gravy For Pope,62,0.666,0.673,6,-7.906,1,0.218,0.437,1.74E-06,0.137,0.377,148.098,175960,4,mem_2
113,5hVghJ4KaYES3BFUATCYn0,EARFQUAKE,Earfquake,86,0.554,0.498,9,-8.866,1,0.0685,0.23,5.98E-06,0.795,0.413,79.635,190067,4,mem_2
114,2FTOLKjQUswhpdMFq15Raf,SPEEDBOAT,Speedboat,70,0.925,0.628,6,-7.587,1,0.131,0.0604,0,0.358,0.81,120.021,222533,4,mem_2
115,3xaugmCyXrVkrDTXbFkMW3,Sanctuary,Sanctuary,83,0.552,0.65,1,-7.199,1,0.128,0.422,0.000275,0.372,0.316,167.788,180019,4,mem_2
116,6fTt0CH2t0mdeB2N9XFG5r,Panini,Panini,93,0.703,0.594,5,-6.146,0,0.0752,0.342,0,0.123,0.475,153.848,114893,4,mem_2
117,0RQIpoZGnHOqA6pJXw22Sy,BULLETPROOF SHOWER CAP,Bulletproof Shower Cap,48,0.726,0.735,10,-7.507,1,0.189,0.185,3.29E-06,0.368,0.539,77.511,114581,4,mem_2
118,1faIb3PPSzEifCHUOJ691R,Broke As Fuck,Broke As Fuck,79,0.616,0.669,1,-5.791,1,0.32,0.0298,0,0.127,0.275,154.056,196112,4,mem_2
119,4Tk9QvtwwOj2Ah9E8ahutZ,Lost In Translation,Lost In Translation,63,0.569,0.791,2,-4.128,1,0.364,0.553,6.55E-06,0.102,0.367,156.947,289720,4,mem_2
120,5eagDEkYAcN7rhzOImor7k,I Can't Pretend,I Can't Pretend,32,0.353,0.694,1,-6.069,0,0.0272,0.000792,0.00634,0.218,0.343,180.03,289454,4,mem_2
121,72hSRAHg4hXE5ApwSQQZPn,Breathe,Breathe,73,0.538,0.52,7,-10.143,1,0.08,0.588,0.00912,0.301,0.0775,113.081,125468,3,mem_2
122,3xPmq4xcdWtAPm4uUO0yUo,Aliens Are Ghosts ($UICIDEBOY$ X TRAVIS BARKER),Aliens Are Ghosts ($Uicideboy$ X Travis Barker),66,0.76,0.623,11,-7.803,1,0.213,0.0552,0.0044,0.161,0.598,139.044,133617,5,mem_2
123,4hPZAo05L3zuxT0QWC2OLu,Nine Shots (Hitler Diss),Nine Shots (Hitler Diss),42,0.895,0.767,4,-6.23,1,0.273,0.0246,0.0169,0.144,0.449,152.995,147059,4,mem_2
124,0shSP8DgseLewHgAiMC4UL,WISH FEAT. KIDDO MARV,Wish Feat. Kiddo Marv,66,0.655,0.766,5,-6.746,0,0.0736,0.234,0,0.425,0.622,95.017,192013,4,mem_2
125,7hDJcQvYaaakNr2T0o4YfY,Lay It Down,Lay It Down,42,0.762,0.854,0,-5.165,0,0.0444,0.239,0.000147,0.623,0.546,120.084,116000,4,mem_2
126,5N1o6d8zGcSZSeMFkOUQOk,Hot Girl Summer (feat. Nicki Minaj & Ty Dolla $ign),Hot Girl Summer (Feat. Nicki Minaj & Ty Dolla $Ign),87,0.872,0.814,0,-4.568,1,0.155,0.00485,1.96E-06,0.214,0.57,98.985,199427,4,mem_2
127,7mMLKwFMq8STlXOBexSwqf,Who I Am,Who I Am,47,0.897,0.844,8,-5.059,1,0.0841,0.00415,0.013,0.618,0.801,119.989,208973,4,mem_2
128,2fe43BkB7a1NrD0BwQnOtG,Fema,Fema,42,0.786,0.713,2,-6.201,1,0.147,0.009,1.88E-05,0.149,0.54,160.046,168000,4,mem_2
129,2nLOfwzuAx6iYSWhngcYmN,Richard Simmons,Richard Simmons,57,0.707,0.691,10,-6.616,1,0.27,0.116,0,0.0803,0.789,169.108,142907,4,mem_2
130,0bsR8k20ADjBCdOOAntDyi,Here on My Own,Here On My Own,44,0.793,0.51,1,-8.88,1,0.039,0.131,0.861,0.0681,0.433,120.003,350261,4,mem_2
131,5qozAS2huRB1yn4XDnJtoX,50-50 (feat. Instupendo),50-50 (Feat. Instupendo),46,0.623,0.461,8,-8.223,1,0.033,0.0149,0.00349,0.346,0.376,130.02,206912,4,mem_2
132,1YR9iNGXtsbrd8deR9ULDD,Jesus Is The One (I Got Depression),Jesus Is The One (I Got Depression),72,0.857,0.446,1,-12.778,1,0.902,0.215,0,0.0964,0.327,100.122,112800,4,mem_2
133,5rxrXQ6V5CXu9doBCd67qD,Killing 2 Birds With 22 Stones ($UICIDEBOY$ X TRAVIS BARKER),Killing 2 Birds With 22 Stones ($Uicideboy$ X Travis Barker),61,0.655,0.743,1,-5.26,1,0.0388,0.00123,2.92E-06,0.47,0.0664,130.031,143259,4,mem_2
134,4zoYSZrDb3EUPWlDi2OwAC,Great Influence,Great Influence,49,0.734,0.724,11,-5.648,1,0.267,0.0133,0,0.248,0.256,85.025,203294,4,mem_2
135,5LeStoyvjAHpM52IYogOq0,Eternal,Eternal,69,0.793,0.524,5,-6.229,0,0.148,0.0622,0,0.0803,0.631,95.044,243915,4,mem_2
136,54TctO4Km2DBOQIJ0SSXI9,Does it real good,Does It Real Good,45,0.653,0.71,11,-5.891,1,0.154,0.00538,0.000902,0.471,0.271,170.016,158694,4,mem_2
137,5CAmIYoqF6UWGmMfhh4epI,P.O.P.,P.O.P.,50,0.76,0.923,8,-4.295,1,0.0642,0.08,0.00275,0.272,0.909,87.001,143448,4,mem_2
138,59iJua476fbi3PbddfPrez,The City,The City,43,0.528,0.81,7,-2.174,0,0.044,0.00198,0,0.846,0.295,124.995,233693,4,mem_2
139,1nXZnTALNXiPlvXotqHm66,A BOY IS A GUN*,A Boy Is A Gun*,73,0.417,0.689,2,-8.302,0,0.178,0.575,0,0.496,0.505,79.568,210253,4,mem_2
140,0C5HhT9O1Wn41s3pXLzDFx,NOIZE,Noize,44,0.47,0.794,2,-3.642,1,0.114,0.113,0,0.119,0.133,160.12,247760,4,mem_2
141,4FMsajq8hKiOmcJ7UzOhag,Space Age Love Song,Space Age Love Song,53,0.447,0.744,2,-4.613,1,0.0311,3.62E-05,0.106,0.21,0.552,139.959,226693,4,mem_2
142,2EgZ0usmUxyNpCoyiFwEGT,Envy Me,Envy Me,50,0.834,0.681,8,-6.729,1,0.102,0.083,0,0.282,0.225,116.987,270007,4,mem_2
143,6bOkaEXc5CopinGazSLokx,WHAT'S GOOD,What's Good,70,0.458,0.909,1,-6.553,1,0.487,0.0567,4.26E-06,0.11,0.449,118.227,205627,4,mem_2
144,73HTSIrIUAcVLJlrYdtPgs,Public Pervert,Public Pervert,37,0.318,0.813,5,-3.658,1,0.0344,0.000915,0.696,0.185,0.287,98.831,280080,4,mem_2
145,6trZBfGagQQeI97yJQuq4c,Habit - Blood Cultures Remix,Habit - Blood Cultures Remix,51,0.711,0.463,1,-9.733,0,0.0361,0.614,0.125,0.364,0.65,90.034,213028,4,mem_2
146,79gyBvPc2zj3oIrhI50Eag,"Coronus, the Terminator","Coronus, The Terminator",45,0.438,0.529,2,-6.158,0,0.0355,0.19,0.0474,0.138,0.294,79.929,160136,4,mem_2
147,6hss0gnCns54MMftGzD0Ma,Not About You,Not About You,45,0.89,0.88,7,-6.466,1,0.0941,0.0765,0.000574,0.124,0.868,126.001,202197,4,mem_2
148,5vvxulBeCeY49Ha3JThZMj,More,More,55,0.714,0.805,11,-5.589,0,0.062,0.173,0.0276,0.106,0.359,96.983,257588,4,mem_2
149,2TqfASuL5JRds7bJX01PdZ,AUTOMATIC,Automatic,62,0.818,0.648,2,-5.899,1,0.0914,0.00488,0,0.077,0.374,140.058,182520,4,mem_2
150,2b97XbkLh4uK77Sj8Kder9,"Buff Squad (feat. Pouya, Germ & Shakewell)","Buff Squad (Feat. Pouya, Germ & Shakewell)",44,0.767,0.514,1,-7.314,1,0.0587,0.144,0,0.157,0.0756,120.07,175401,4,mem_2
151,3er7NHWboyZoPFwFu1VZuq,Mosh Pit Killa,Mosh Pit Killa,53,0.767,0.514,1,-7.314,1,0.0587,0.144,0,0.157,0.0756,120.07,175401,4,mem_2
152,1j49Jcm99RNCmFrnRZgliG,Land Of Honey,Land Of Honey,48,0.727,0.825,2,-3.245,1,0.103,0.0145,0,0.118,0.389,83.987,151429,4,mem_2
153,6xbDAaVUnQ2kaPAg5GXjFW,Detroit,Detroit,49,0.368,0.619,9,-6.633,0,0.0308,0.0619,0.0476,0.145,0.0878,88.033,207994,4,mem_2
154,55ulvVJi4JnaAkbcsTMguC,Burn Out Blues,Burn Out Blues,42,0.829,0.588,9,-7.678,1,0.0555,0.0125,0.602,0.108,0.963,122.968,123387,4,mem_2
155,41y8HTDfVVuQHWCPmXKKpO,The New Jim Jones,The New Jim Jones,42,0.45,0.935,9,-2.7,0,0.105,0.0227,0.0027,0.371,0.643,94.471,223600,4,mem_2
156,4yHLejQxBnufgbFPALQkK3,FF4,Ff4,55,0.719,0.733,4,-2.869,0,0.139,0.156,1.91E-05,0.117,0.326,160.424,110062,4,mem_2
157,6nsyYPCDUSacgXci9mvWln,Whip A Tesla,Whip A Tesla,76,0.607,0.184,6,-7.69,1,0.102,0.442,0.937,0.117,0.475,81.245,71520,4,mem_2
158,52YL2YQ0ZKQTEp89inFJaE,Tuytus,Tuytus,41,0.814,0.527,9,-7.001,0,0.328,0.179,0.000512,0.0767,0.54,170.063,153733,4,mem_2
159,40lNrVm9kadzFvP6WGdidN,Are You Ready (DJ SHIMAMURA Remix),Are You Ready (Dj Shimamura Remix),15,0.292,0.726,7,-4.263,1,0.0997,0.00578,0.001,0.313,0.24,110.008,196364,4,mem_2
160,2BfyXyivg20NJ5dgqJfKfL,Charlene,Charlene,59,0.434,0.863,6,-3.792,1,0.0733,0.00154,0.0731,0.105,0.338,174.792,347001,4,mem_2
161,3QzNJOH7CDUITrjR2XVSqN,nothingleftnothingleft ($UICIDEBOY$ X TRAVIS BARKER),Nothingleftnothingleft ($Uicideboy$ X Travis Barker),46,0.553,0.554,0,-7.202,0,0.301,0.263,0,0.141,0.538,174.101,160693,4,mem_2
162,3OiBc6E43P6Y5LoqNbbMKf,M.E.,M.E.,54,0.466,0.901,6,-5.299,0,0.199,3.79E-05,0.0472,0.143,0.428,172.065,100070,4,mem_2
163,4uNlalGn7C7EE8PsB6Ap2E,Free All The Opps,Free All The Opps,41,0.433,0.637,0,-8.138,1,0.0283,0.00956,0.0849,0.123,0.21,109.924,337240,4,mem_2
164,6VzljrhwFZToTt6QrH29eA,Don't Give Up,Don't Give Up,41,0.872,0.59,1,-5.886,1,0.381,0.0556,7.27E-06,0.124,0.52,84.039,171507,4,mem_2
165,5XqLKEzLxISZmv5ZgQjkwz,Deep In My Heart,Deep In My Heart,29,0.504,0.886,6,-7.56,0,0.049,0.0152,0.0378,0.697,0.562,93.96,234680,4,mem_2
166,6QVqhBd4NcFa4ib1SFaaGE,Lily Love,Lily Love,38,0.3,0.944,7,-3.941,1,0.125,0.00489,5.54E-06,0.266,0.386,180.008,230128,4,mem_2
167,6eSTuG07FIPpLkekbpYIsZ,Momma Told Me,Momma Told Me,51,0.583,0.555,6,-7.473,0,0.0653,0.00747,0.0372,0.128,0.112,95.016,268303,4,mem_2
168,0sScQzmNYIlzPX8G1M1rKc,Be with You (DJ Shimamura's Hardcore VIP),Be With You (Dj Shimamura's Hardcore Vip),9,0.572,0.79,0,-6.573,1,0.461,0.438,0,0.989,0.416,79.87,234893,4,mem_2
169,51I1yDlnp13kwxBEjc1xIm,More,More,50,0.536,0.907,10,-5.342,0,0.0747,0.000899,0.00707,0.148,0.499,169.985,345520,4,mem_2
170,2FsmzwRk5RCQYQxKZ7irPJ,Psycho On The Loose,Psycho On The Loose,42,0.714,0.805,11,-5.589,0,0.062,0.173,0.0276,0.106,0.359,96.983,257588,4,mem_2
171,2cOE7d35PyfAh9M7DglPk0,In This Place,In This Place,63,0.76,0.893,2,-3.96,1,0.0827,0.156,0.156,0.125,0.406,161.05,108820,4,mem_2
172,5WtMpQgVIeZq06bXbYJO01,P.A.T. FEAT. PLAYTHATBOIZAY,P.A.T. Feat. Playthatboizay,58,0.405,0.62,0,-6.806,0,0.142,0.0419,1.38E-05,0.108,0.48,195.881,201342,4,mem_2
173,6MRcHrolTCDQWCMSKpbnS5,Black Balloons Reprise,Black Balloons Reprise,46,0.598,0.723,1,-7.179,0,0.181,0.00534,0,0.41,0.379,160.062,180480,4,mem_2
174,6tByydPskASjm9jTPkNQq0,Numb Numb Juice,Numb Numb Juice,74,0.658,0.722,1,-6.115,1,0.115,0.0932,0,0.124,0.152,88.028,161972,4,mem_2
175,3bBmpVl9rQKJsFFGLFilIS,Charcoal Baby,Charcoal Baby,67,0.885,0.492,1,-6.015,1,0.367,0.00172,7.79E-05,0.081,0.203,156.958,107147,4,mem_2
176,3VUZLAnE17QSUJAzYxgVb1,Six Speed,Six Speed,56,0.622,0.46,7,-8.389,0,0.0372,0.14,0.000369,0.119,0.514,183.241,242341,4,mem_2
177,38nyi6J4H44dXpf0PE3bWE,Alley Oop,Alley Oop,70,0.815,0.946,2,-4.153,1,0.268,0.0802,0,0.315,0.864,175.014,111833,4,mem_2
178,7tZQ7KKB0514q8IGgTcf2u,Cyanide,Cyanide,57,0.857,0.503,6,-7.502,1,0.265,0.266,0,0.0852,0.867,122.036,152187,4,mem_2
179,7zq5lyei1uoskShdtxQO1o,Approaching Pavonis Mons by Balloon (Utopia Planitia),Approaching Pavonis Mons By Balloon (Utopia Planitia),38,0.675,0.92,8,-6.142,1,0.41,0.00596,0.0184,0.808,0.112,154.939,133494,4,mem_2
180,6MDLO5bi8mGexqSwF9KmpH,Lilly,Lilly,53,0.418,0.729,4,-4.131,0,0.0311,0.000116,0.311,0.102,0.279,166.454,189280,4,mem_2
181,7sGTH1fber0bhncNMfNxmt,All My Friends,All My Friends,67,0.47,0.652,3,-6.501,1,0.0335,0.0446,0.0635,0.311,0.524,139.975,267789,4,mem_2
182,0xxbDtdmc88FOV7YvpEtft,94 Bentley,94 Bentley,64,0.669,0.757,8,-4.259,0,0.0469,0.0248,0,0.283,0.708,106.018,204627,4,mem_2
183,0y60itmpH0aPKsFiGxmtnh,Wait a Minute!,Wait A Minute!,79,0.696,0.558,7,-5.253,1,0.0512,0.0792,0,0.162,0.217,113,169405,4,mem_2
184,4no0eHn4fEB7tN1yZSXMma,C7osure (You Like),C7osure (You Like),73,0.757,0.707,3,-5.53,0,0.0279,0.0294,2.55E-05,0.0969,0.638,100.982,196520,4,mem_2
185,0fv2KH6hac06J86hBUTcSf,NEW MAGIC WAND,New Magic Wand,72,0.847,0.742,8,-5.515,0,0.247,0.397,0,0.135,0.56,133.989,148653,4,mem_2
186,37ufe1F2g1nOuI0z2sd6M4,Found A Good One (Single No More),Found A Good One (Single No More),61,0.621,0.73,5,-5.414,0,0.107,0.0967,0.000131,0.673,0.464,139.566,195320,4,mem_2
187,4H1FdAyWZBNzwcHFQYeGy6,Wishes,Wishes,49,0.78,0.63,7,-7.473,1,0.308,0.0346,2.70E-06,0.0537,0.607,126.066,258018,4,mem_2
188,4V0x90QcMh4ZxwHzEWOdtK,Feel It All Around,Feel It All Around,65,0.244,0.721,1,-4.715,1,0.0354,0.0272,0,0.145,0.114,98.825,241350,4,mem_2
189,2oq2dbjW3sxOY0BscMWd7Q,I'll Be Alright,I'll Be Alright,47,0.34,0.737,8,-4.681,1,0.0582,0.000105,0.762,0.0699,0.499,172.022,192080,4,mem_2
190,6omKuJwfiJGXv6mUAyAeuL,I Hope Time Doesn't Change Him,I Hope Time Doesn't Change Him,33,0.52,0.873,2,-5.365,1,0.0572,9.13E-05,1.96E-06,0.226,0.52,140.027,262453,4,mem_2
191,7DcvwMAiqKJQD1rrdfxSDx,The London (feat. J. Cole & Travis Scott),The London (Feat. J. Cole & Travis Scott),89,0.572,0.637,9,-6.607,0,0.0253,0.000598,0.22,0.204,0.151,102.966,283055,4,mem_2
192,3ZWyikM4svAPXDTFQhIPHI,No Favors,No Favors,32,0.796,0.586,4,-6.946,0,0.147,0.0247,0,0.132,0.179,97.981,200107,4,mem_2
193,31F0KxmTD4rz3o0tJht5RL,Ordinary Pleasure,Ordinary Pleasure,58,0.61,0.848,4,-6.683,0,0.0774,0.0561,0.552,0.145,0.244,116.991,294920,4,mem_2
194,1Kk1cJH0tRZu8eDXHlTGY1,Mister Impossible,Mister Impossible,56,0.878,0.779,7,-7.283,1,0.135,0.118,0.0192,0.104,0.778,115.009,183746,4,mem_2
195,3V0ak0F8fLXmp3hYAEQKZH,Love Is Greed,Love Is Greed,37,0.613,0.85,11,-6.051,0,0.0396,4.15E-05,0.422,0.155,0.568,91.985,216400,4,mem_2
196,0Z7S8ity4SYlkzbJpejd1v,It All Feels Right,It All Feels Right,54,0.541,0.77,2,-6.03,1,0.0298,0.0426,1.18E-06,0.218,0.24,101.066,260280,4,mem_2
197,5sG65w8uKtjsJw7nc845Nc,ZUU,Zuu,64,0.316,0.748,2,-8.187,1,0.0413,0.000304,0.0139,0.608,0.256,79.337,245880,4,mem_2
198,4kOZno4WP8u5ju8oXypNIs,Leaf House,Leaf House,45,0.678,0.509,2,-8.494,0,0.138,0.15,0,0.489,0.351,141.037,126000,4,mem_2
199,6B182GP3TvEfmgUoIMVUSJ,Evil,Evil,65,0.544,0.791,0,-8.376,1,0.0528,0.697,0.0725,0.346,0.351,133.742,162627,3,mem_2
200,7jWIolCo1nHYaAmOvFH0Lo,New Beat,New Beat,49,0.747,0.673,9,-5.708,0,0.0437,0.413,0.458,0.156,0.846,115.05,244547,4,mem_2
201,0TK2YIli7K1leLovkQiNik,SeÒorita,Senorita,97,0.759,0.54,9,-6.039,0,0.0287,0.037,0,0.0945,0.75,116.947,190960,4,mem_3
202,5cF0dROlMOK5uNZtivgu50,Attention,Attention,83,0.775,0.613,3,-4.586,0,0.0542,0.109,2.33E-05,0.134,0.797,100.066,208787,4,mem_3
203,37FXw5QGFN7uwwsLy8uAc0,We Don't Talk Anymore,We Don't Talk Anymore,72,0.728,0.563,1,-8.053,0,0.134,0.621,0,0.179,0.352,100.017,217707,4,mem_3
204,7jvk8xmmSANi6qpKoLXtQG,Tere Liye,Tere Liye,41,0.695,0.351,7,-9.92,0,0.0406,0.265,2.09E-06,0.111,0.113,124.001,229408,4,mem_3
205,5R7HpWXej6SiCrd9YJsC5g,Bang Bang,Bang Bang,58,0.703,0.678,4,-8.644,0,0.0417,0.0478,7.02E-05,0.496,0.694,120.051,320000,4,mem_3
206,4gMgiXfqyzZLMhsksGmbQV,"Another Brick in the Wall, Pt. 2","Another Brick In The Wall, Pt. 2",78,0.694,0.394,0,-15.881,1,0.0428,0.0781,0.000677,0.247,0.719,104.126,238747,4,mem_3
207,3Pd9B446fptwiv1pD3ZzK7,Naina Banjare,Naina Banjare,26,0.585,0.62,10,-7.407,0,0.0402,0.0486,0,0.193,0.302,76.967,211558,4,mem_3
208,5ZNWQ3GAz7ctU5rYmW81MV,"Bandook Meri Laila (feat. Raftaar, Sidharth Malhotra)","Bandook Meri Laila (Feat. Raftaar, Sidharth Malhotra)",50,0.746,0.782,6,-6.192,0,0.0397,0.277,4.70E-06,0.108,0.665,98.976,214510,4,mem_3
209,6wmAHw1szh5RCKSRjiXhPe,How Long,How Long,76,0.845,0.561,1,-5.253,0,0.0778,0.211,3.49E-06,0.0383,0.811,109.974,200853,4,mem_3
210,6AtKfYDHipY2MxCQfYXhEZ,Garaj Baras (Live),Garaj Baras (Live),28,0.491,0.87,2,-10.172,0,0.213,0.00988,0.00114,0.716,0.326,121.888,465625,4,mem_3
211,2Jnk3brMWlPTYqAC7fZLqx,Yeh Rishta,Yeh Rishta,9,0.357,0.642,4,-8.507,1,0.0737,0.61,0.000131,0.0773,0.442,84.258,279467,4,mem_3
212,3vxy9D4qd7TO4j6Gi2zmXo,Vaseegara,Vaseegara,48,0.694,0.293,11,-16.278,0,0.0431,0.595,0.0154,0.132,0.637,143.804,299147,4,mem_3
213,6TtK6EPPmylsoRnCcX58PX,Haareya - Ayushmann Khurrana Rock Version,Haareya - Ayushmann Khurrana Rock Version,31,0.638,0.558,4,-8.747,0,0.0328,0.323,2.31E-06,0.0881,0.413,123.922,202946,4,mem_3
214,3zAXHUL5YcYOA41rruvjy4,Manchala,Manchala,47,0.365,0.649,11,-5.295,0,0.0408,0.151,0,0.121,0.453,78.398,227507,4,mem_3
215,3QGsuHI8jO1Rx4JWLUh9jd,Treat You Better,Treat You Better,85,0.444,0.819,10,-4.078,0,0.341,0.106,0,0.107,0.747,82.695,187973,4,mem_3
216,6GBMbvX7sqyOxT5wWK4hgN,Dangerously,Dangerously,60,0.696,0.517,2,-8.379,0,0.0366,0.364,0,0.197,0.23,112.291,199133,3,mem_3
217,7xHWNBFm6ObGEQPaUxHuKO,The Greatest,The Greatest,76,0.668,0.725,1,-6.127,1,0.266,0.0102,0.000479,0.0561,0.729,191.944,210227,4,mem_3
218,4ZiH6RyMrw2vlgD6vrvzBd,"Hungama Ho Gaya (From ""Queen"")","Hungama Ho Gaya (From ""Queen"")",39,0.624,0.847,8,-7.246,0,0.0455,0.103,0.202,0.284,0.507,138.059,271586,4,mem_3
219,5CQ30WqJwcep0pYcV4AMNc,Stairway to Heaven - Remaster,Stairway To Heaven - Remaster,79,0.338,0.34,9,-12.049,0,0.0339,0.58,0.0032,0.116,0.197,82.433,482830,4,mem_3
220,6MOtIjvSdqWDGHuniwSpyu,Meherbaan,Meherbaan,50,0.591,0.531,4,-8.677,0,0.0472,0.629,3.87E-06,0.499,0.478,80.971,307407,4,mem_3
221,0DANTgeuWo76sVMUjQqJ9G,Yaariyaan,Yaariyaan,36,0.485,0.546,2,-8.21,1,0.0303,0.0735,3.05E-05,0.0444,0.406,149.938,377600,4,mem_3
222,1PH0yXNGtSZbL2eufpgFJ4,Kurbaan Hua,Kurbaan Hua,42,0.54,0.718,2,-6.169,0,0.0429,0.022,0.000119,0.248,0.526,166.003,259360,4,mem_3
223,679CShjsnhAEogK2YjKX2g,"Yaaram (From ""Ek Thi Daayan"")","Yaaram (From ""Ek Thi Daayan"")",27,0.639,0.645,4,-8.088,0,0.0397,0.452,0.000175,0.108,0.336,140.025,293813,4,mem_3
224,72jCZdH0Lhg93z6Z4hBjgj,I Knew You Were Trouble.,I Knew You Were Trouble.,63,0.596,0.473,6,-6.745,1,0.039,0.00563,1.29E-06,0.043,0.648,154.228,217973,4,mem_3
225,46mXuHxCjDiLoLPsqn24P8,Shaam Shaandaar,Shaam Shaandaar,39,0.656,0.774,6,-4.406,0,0.0861,0.0304,0.00105,0.0494,0.636,133.995,237464,4,mem_3
226,0OhlQIuDc4hhyrRA8KeRWs,"Gustakh Dil (From ""English Vinglish)","Gustakh Dil (From ""English Vinglish)",28,0.518,0.363,10,-10.029,1,0.0299,0.0624,0.0186,0.0992,0.0785,80.045,338747,4,mem_3
227,22vgEDb5hykfaTwLuskFGD,Sucker,Sucker,81,0.842,0.734,1,-5.065,0,0.0588,0.0427,0,0.106,0.952,137.958,181027,4,mem_3
228,2l8w0zZVn4AZNuzrht7MRT,"Love Me Like You Do - From ""Fifty Shades Of Grey""","Love Me Like You Do - From ""Fifty Shades Of Grey""",68,0.262,0.606,8,-6.646,1,0.0484,0.247,0,0.125,0.275,189.857,252534,4,mem_3
229,4mOmWSdTmf6fSAibGWCKp7,Mental Manadhil,Mental Manadhil,50,0.568,0.886,6,-7.983,0,0.081,0.0123,3.40E-05,0.361,0.846,160.054,205759,4,mem_3
230,19yNnq9qhYRMePmPTgUOL8,Kabhie Phool Dena (Pyar Ke Naam) - Rules - Pyar Ka Super Hit Formula / Soundtrack Version,Kabhie Phool Dena (Pyar Ke Naam) - Rules - Pyar Ka Super Hit Formula / Soundtrack Version,24,0.674,0.558,10,-8.383,1,0.0413,0.0137,0,0.0758,0.709,137.89,245760,4,mem_3
231,1HBGWNyoRJhxvsfO8LLFDo,Chogada,Chogada,56,0.359,0.972,7,-3.452,1,0.109,0.136,2.52E-06,0.14,0.595,62.914,249742,4,mem_3
232,5N0bIQTnSVrDCSlKydMt3E,Laaree Chootee,Laaree Chootee,36,0.567,0.758,0,-6.564,1,0.0635,0.229,0,0.31,0.583,92.99,237308,4,mem_3
233,4zUPL2OPTO3hgNhjaA1Rjn,I Hate Luv Storys,I Hate Luv Storys,47,0.747,0.81,11,-8.352,0,0.0541,0.0688,0.0405,0.0592,0.937,130.012,285213,4,mem_3
234,79jYT83v4bMOWEgwjQxSx2,"Ae Dil Hai Mushkil Title Track (From ""Ae Dil Hai Mushkil"")","Ae Dil Hai Mushkil Title Track (From ""Ae Dil Hai Mushkil"")",57,0.495,0.654,3,-6.639,0,0.0679,0.713,0,0.165,0.35,123.896,269032,4,mem_3
235,0Bz7dfqPY4JOGZO3O1j8Wh,Bulleya,Bulleya,59,0.552,0.769,2,-4.504,0,0.0465,0.497,0,0.112,0.702,86.957,348966,4,mem_3
236,1lsBTdE6MGsKeZCD6llNu7,Done for Me,Done For Me,73,0.856,0.632,6,-3.692,0,0.074,0.193,0,0.0688,0.697,112.009,180493,4,mem_3
237,2P91MQbaiQOfbiz9VqhqKQ,I Like Me Better,I Like Me Better,79,0.752,0.505,9,-7.621,1,0.253,0.535,2.55E-06,0.104,0.419,91.97,197437,4,mem_3
238,7dZU2M1wzwOixYS6OoSMfO,Tu Hai,Tu Hai,27,0.56,0.73,6,-4.516,0,0.0567,0.393,4.37E-05,0.0987,0.495,104.801,209258,4,mem_3
239,2zZTXtLqCsICzEcztKjn47,"Tum Hi Ho Bandhu (From ""Cocktail"")","Tum Hi Ho Bandhu (From ""Cocktail"")",52,0.714,0.892,11,-5.342,0,0.0516,0.00145,0.000817,0.0462,0.899,134.997,282012,4,mem_3
240,3meosaLOJGuQ6OjxnYR7sI,Dhat Teri Ki,Dhat Teri Ki,46,0.81,0.744,0,-6.929,0,0.0335,0.105,1.79E-06,0.0802,0.96,120.041,247093,4,mem_3
241,4TkknEEgy9mpbDtSA9ZrKV,"Ae Zindagi Gale Laga Le - Take, 1","Ae Zindagi Gale Laga Le - Take, 1",46,0.494,0.712,2,-6.605,0,0.0346,0.195,0.00028,0.108,0.386,156.059,171119,4,mem_3
242,4lJNen4SMTIJMahALc3DcB,"Thunderclouds (feat. Sia, Diplo, and Labrinth)","Thunderclouds (Feat. Sia, Diplo, And Labrinth)",80,0.69,0.714,7,-5.948,1,0.0338,0.0077,7.23E-05,0.191,0.489,112.009,187027,4,mem_3
243,6udC4b4jOSnHb9ItnXgKLR,Saibo,Saibo,58,0.619,0.428,2,-7.867,1,0.0281,0.736,1.27E-05,0.136,0.542,90.056,195253,4,mem_3
244,7heMX7gyHP0mhTlNgd7Lxd,The Humma Song,The Humma Song,62,0.721,0.65,0,-6.95,0,0.136,0.0115,0.000137,0.34,0.391,130.491,179658,5,mem_3
245,0JX7Es2j556FwtR6YqMKzP,Slow Motion Angreza,Slow Motion Angreza,44,0.802,0.763,0,-6.456,1,0.0336,0.22,0.000396,0.128,0.789,120.078,260507,4,mem_3
246,0v1XpBHnsbkCn7iJ9Ucr1l,It's My Life,It's My Life,79,0.537,0.903,0,-3.997,0,0.0505,0.0338,1.53E-05,0.341,0.571,120.069,224493,4,mem_3
247,22NN4BS1AlqVbyKIWExgON,Mamma Mia,Mamma Mia,64,0.75,0.754,2,-6.999,1,0.0327,0.287,0.000207,0.444,0.83,137.533,215267,4,mem_3
248,1cmZbGkCEVVAck2MsWpPYQ,Hasi - Female Version,Hasi - Female Version,58,0.52,0.485,4,-6.438,0,0.0269,0.927,0.000466,0.159,0.407,143.901,192187,4,mem_3
249,2bJZCUnAI9Se6MmtQy8Fcv,Deewana Tera,Deewana Tera,36,0.682,0.55,2,-11.072,1,0.0804,0.454,2.37E-05,0.0693,0.839,104.975,360760,4,mem_3
250,2s1sdSqGcKxpPr5lCl7jAV,Chandelier,Chandelier,71,0.399,0.787,1,-2.88,1,0.0499,0.0197,6.07E-05,0.0685,0.572,117.089,216120,5,mem_3
251,5PatlLJYn8gWxnQnepzMjW,"Twist (From ""Love Aaj Kal"")","Twist (From ""Love Aaj Kal"")",44,0.721,0.944,7,-4.995,1,0.142,0.0393,5.86E-05,0.0747,0.728,109.014,299440,4,mem_3
252,0up9rhm9qt2LW7cnoDFCMk,Jiyein Kyun,Jiyein Kyun,53,0.392,0.609,4,-5.953,1,0.0416,0.0558,2.18E-06,0.107,0.347,71.398,264963,4,mem_3
253,1VrheK4CdhX74nrOSNIFtH,Pehla Nasha,Pehla Nasha,49,0.458,0.34,5,-14.309,1,0.0333,0.774,2.01E-05,0.0799,0.516,151.979,291400,4,mem_3
254,4FlhygjvXG7hcCerCXEdqI,"Khuda Hafiz Anjaani Anjaana (From ""Yuva"")","Khuda Hafiz Anjaani Anjaana (From ""Yuva"")",27,0.613,0.598,2,-8.786,0,0.0443,0.0402,0.00972,0.111,0.27,120.021,303547,4,mem_3
255,6R8Ai2lNsusm7K7LSvNEHS,Disco Deewane,Disco Deewane,43,0.731,0.474,1,-9.579,1,0.0286,0.166,0.00599,0.0724,0.961,113.888,376040,4,mem_3
256,1vrd6UOGamcKNGnSHJQlSt,Love Story,Love Story,69,0.618,0.741,2,-3.95,1,0.031,0.17,0,0.0822,0.296,118.984,235267,4,mem_3
257,5J9PZD8kTuzfsBbbUh1oHu,Kab Se Kab Tak,Kab Se Kab Tak,53,0.772,0.588,9,-10.315,0,0.226,0.565,0.000908,0.106,0.262,82.969,213242,4,mem_3
258,5uaIbU3oHHcSOK6WFNK5nj,Apna Time Aayega,Apna Time Aayega,64,0.766,0.618,11,-8.552,0,0.124,0.0187,0.000115,0.181,0.513,95.054,140463,4,mem_3
259,6FB3v4YcR57y4tXFcdxI1E,I Knew You Were Trouble.,I Knew You Were Trouble.,77,0.622,0.469,3,-6.798,0,0.0363,0.00454,2.25E-06,0.0335,0.679,77.019,219720,4,mem_3
260,6TapyDFlRUlZ4cmIaqJx4k,Slow It Down,Slow It Down,60,0.733,0.754,0,-3.392,0,0.0593,0.264,0,0.131,0.849,115.024,190053,4,mem_3
261,04ZTP5KsCypmtCmQg5tH9R,I'm a Mess,I'm A Mess,82,0.63,0.694,11,-6.257,0,0.0253,0.00281,0,0.0719,0.216,97.005,195519,4,mem_3
262,0VxgNsSywsjapKGXvzj8RH,"Ilahi (From ""Yeh Jawaani Hai Deewani"")","Ilahi (From ""Yeh Jawaani Hai Deewani"")",39,0.594,0.967,9,-5.767,1,0.0857,0.166,2.54E-05,0.105,0.452,132.009,228982,4,mem_3
263,4AfLtSXcvG8AkfQjDR0gJ1,Zara Sa Jhoom Loon Main,Zara Sa Jhoom Loon Main,45,0.606,0.553,0,-12.537,0,0.0764,0.682,6.93E-05,0.191,0.868,130.657,353693,4,mem_3
264,6pQadiopoIsS4x78tjSkJt,LA Girls,La Girls,62,0.869,0.642,8,-5.03,0,0.0367,0.359,1.42E-06,0.0694,0.917,99.992,197107,4,mem_3
265,5IvBhmCrAHyNRIqBQ0n00Q,I Am A Disco Dancer,I Am A Disco Dancer,28,0.562,0.711,5,-11.018,0,0.176,0.468,0,0.882,0.602,131.209,467383,4,mem_3
266,6T8vyAyrbKSLjS6cOpjIeB,Ibn - E - Batuta,Ibn - E - Batuta,25,0.744,0.751,2,-4.463,1,0.0403,0.094,8.23E-05,0.398,0.445,88.979,217322,4,mem_3
267,2hrUO4drrO63i7FYbCLBl2,Rockabye (feat. Sean Paul & Anne-Marie),Rockabye (Feat. Sean Paul & Anne-Marie),69,0.717,0.73,9,-4.729,0,0.0568,0.383,0,0.398,0.792,102.002,251173,4,mem_3
268,39TJkE0AEkfWii8VB3JqSV,Tu Meri,Tu Meri,59,0.679,0.688,8,-5.522,1,0.0293,0.0773,0,0.704,0.424,127.951,257089,4,mem_3
269,52N5IdzASBPbgu7imkeDAU,Rappan Rappi Rap,Rappan Rappi Rap,32,0.933,0.768,7,-5.108,1,0.109,0.0789,2.43E-05,0.0653,0.843,116.019,234890,4,mem_3
270,788Lp6lHrCrxJAZvS2l9YZ,Dum Dum,Dum Dum,38,0.748,0.812,0,-7.938,1,0.0471,0.0634,0.00146,0.114,0.906,99.994,310988,4,mem_3
271,0FE9t6xYkqWXU2ahLh6D8X,Shape of You,Shape Of You,77,0.825,0.652,1,-3.183,0,0.0802,0.581,0,0.0931,0.931,95.977,233713,4,mem_3
272,3jtKSUiVDowKNBqVQbWaig,Iktara,Iktara,52,0.616,0.525,7,-7.065,1,0.0258,0.401,0.000484,0.309,0.427,79.976,253773,4,mem_3
273,3vqJY3pVELLIxqXXyI08yr,Roobaroo,Roobaroo,57,0.675,0.582,9,-8.891,1,0.0277,0.661,5.56E-06,0.0854,0.538,120.991,282973,4,mem_3
274,6qNALlmZa1ESnCxJmXE1K9,The Way I Am,The Way I Am,72,0.755,0.769,10,-5.658,0,0.186,0.314,2.38E-06,0.0628,0.642,114.966,186080,4,mem_3
275,1NVdxp5WRsH2et5a3OVSUk,"Awaara (From ""7 Khoon Maaf"")","Awaara (From ""7 Khoon Maaf"")",5,0.281,0.618,0,-7.006,1,0.0381,0.573,0.0658,0.353,0.391,68.622,332013,3,mem_3
276,1Slwb6dOYkBlWal1PGtnNg,Thinking out Loud,Thinking Out Loud,66,0.781,0.445,2,-6.061,1,0.0295,0.474,0,0.184,0.591,78.998,281560,4,mem_3
277,4lKuVRhrSO9le6tRbgrpKC,Aadha Ishq,Aadha Ishq,38,0.546,0.505,0,-9.909,1,0.0873,0.314,2.93E-05,0.0971,0.522,82.917,283716,4,mem_3
278,4sPmO7WMQUAf45kwMOtONw,Hello,Hello,73,0.481,0.451,5,-6.095,0,0.0347,0.336,0,0.0872,0.289,157.966,295493,4,mem_3
279,5QyOjKJhR1iyF0DHQM2IvW,Tareefan,Tareefan,67,0.829,0.654,5,-6.26,0,0.0685,0.0942,5.01E-06,0.2,0.335,98.012,186122,4,mem_3
280,5ugnWsmd4k0Ciqn1GVlBIF,Rangili Raatno,Rangili Raatno,4,0.51,0.32,1,-14.841,1,0.0458,0.632,4.35E-06,0.222,0.641,79.566,152842,3,mem_3
281,1sYC1fG7s4p0pTykrJqmgW,Kyon,Kyon,53,0.726,0.664,2,-6.674,1,0.0331,0.636,0,0.0964,0.831,121.923,266053,4,mem_3
282,3eDsxtliwduBeC3UAdOMG5,"Bandook Meri Laila (From ""A Gentleman"") (feat. Raftaar, Sidharth Malhotra)","Bandook Meri Laila (From ""A Gentleman"") (Feat. Raftaar, Sidharth Malhotra)",56,0.746,0.782,6,-6.192,0,0.0397,0.277,4.70E-06,0.108,0.665,98.976,214510,4,mem_3
283,4ZIvqmpihn94QyFfGcQtdZ,Asli Hip Hop,Asli Hip Hop,55,0.667,0.641,8,-11.009,1,0.609,0.572,0,0.311,0.963,169.968,108827,4,mem_3
284,1fCUBgnId0eLuHNl5M4Xmm,Zara Zara,Zara Zara,46,0.635,0.268,11,-15.073,0,0.0895,0.594,2.04E-06,0.316,0.62,143.771,298266,4,mem_3
285,1wnozUBSe7OMpmZiTPJC5j,Tum Tak,Tum Tak,51,0.72,0.621,2,-9.773,1,0.0491,0.676,0,0.0679,0.566,114.987,304467,4,mem_3
286,6B0RSaHnLZidlE2w3AjQfO,Hawa Hawai,Hawa Hawai,31,0.695,0.774,9,-5.754,1,0.232,0.0594,0.0179,0.0165,0.889,175.933,292307,4,mem_3
287,78lgmZwycJ3nzsdgmPPGNx,Immigrant Song - Remaster,Immigrant Song - Remaster,79,0.564,0.932,11,-10.068,1,0.0554,0.013,0.169,0.349,0.619,112.937,146250,4,mem_3
288,2KH16WveTQWT6KOG9Rg6e2,Eye of the Tiger,Eye Of The Tiger,77,0.817,0.599,0,-9.249,0,0.0328,0.132,0.000311,0.0873,0.548,108.873,245640,4,mem_3
289,2OvldWM8rVnp7QCn9eCrr1,Phir Le Aya Dil,Phir Le Aya Dil,47,0.414,0.432,0,-9.667,1,0.0353,0.844,9.23E-05,0.13,0.613,76.688,285000,4,mem_3
290,2ota18jyZVMGvwQ0IV8qz7,Bezubaan,Bezubaan,46,0.416,0.573,1,-8.264,1,0.066,0.0286,2.06E-06,0.11,0.163,102.041,282840,4,mem_3
291,789k9pzKzORADvuOVU0ARy,Gori Teri Aankhen,Gori Teri Aankhen,41,0.381,0.617,4,-10.006,1,0.046,0.541,0,0.146,0.691,89.101,300591,4,mem_3
292,2ekn2ttSfGqwhhate0LSR0,New Rules,New Rules,83,0.762,0.7,9,-6.021,0,0.0694,0.00261,1.56E-05,0.153,0.608,116.073,209320,4,mem_3
293,2zYzyRzz6pRmhPzyfMEC8s,Highway to Hell,Highway To Hell,85,0.573,0.913,6,-4.793,0,0.132,0.0591,0.00173,0.156,0.422,115.715,208400,4,mem_3
294,4NtUY5IGzHCaqfZemmAu56,Dancing Queen,Dancing Queen,73,0.539,0.884,9,-6.53,1,0.0403,0.382,0.00166,0.76,0.752,100.812,230693,4,mem_3
295,4k0lNA0hoVHUP5QbO0uv3k,"Khamoshiyan Gangunane Lagi, Pt. 1","Khamoshiyan Gangunane Lagi, Pt. 1",32,0.651,0.345,9,-15.318,0,0.0608,0.377,6.39E-05,0.0841,0.308,90.986,326885,4,mem_3
296,4tKCjAC5dojOLYQ1FPdXSI,Mahi Ve,Mahi Ve,32,0.776,0.696,0,-5.51,0,0.0377,0.0376,0,0.128,0.895,143.023,284600,4,mem_3
297,54flyrjcdnQdco7300avMJ,We Will Rock You - Remastered,We Will Rock You - Remastered,72,0.692,0.488,11,-7.282,0,0.104,0.688,0,0.4,0.51,81.4,122067,4,mem_3
298,5cjVsWqIkBQC7acTRhL0RO,Kamariya,Kamariya,62,0.825,0.666,4,-4.847,0,0.0554,0.143,2.81E-06,0.237,0.763,96.987,187983,4,mem_3
299,5jsw9uXEGuKyJzs0boZ1bT,Stitches,Stitches,75,0.746,0.754,1,-6.681,1,0.067,0.0152,0,0.0486,0.764,149.882,206880,4,mem_3
300,0WdbnNKO0Jt4BZACSDQh44,Ghungroo,Ghungroo,75,0.695,0.727,6,-6.274,0,0.0323,0.0744,0.000175,0.533,0.864,118.034,302935,4,mem_3
301,0XPsOSYzDJZJArevQNm2AR,Speechless (Full),Speechless (Full),79,0.474,0.489,6,-7.625,0,0.0342,0.467,0,0.119,0.23,124.844,208801,4,mem_4
302,1D6lK8qADoErTTLkY4YBfM,Everytime,Everytime,67,0.513,0.729,10,-4.307,1,0.0309,0.476,0,0.186,0.505,89.934,189356,4,mem_4
303,1n8OcweHlwX1NM7xqNCNw4,Boku Ga Shinou To Omottanowa,Boku Ga Shinou To Omottanowa,36,0.546,0.567,8,-6.9,1,0.0276,0.0913,8.43E-06,0.0969,0.384,167.769,380560,4,mem_4
304,2AIWoHr9DF6y4KALCBKWQS,IDOL,Idol,77,0.734,0.855,9,-3.211,1,0.118,0.00481,0,0.123,0.422,126.035,222732,4,mem_4
305,5NkpsRKvSBukdYQtl3WLZW,Talk Love,Talk Love,60,0.604,0.83,1,-2.333,0,0.0287,0.353,0,0.0995,0.568,102.043,216556,4,mem_4
306,56bHclo7YNvpujMveLElQn,Forever Young,Forever Young,70,0.6,0.96,4,-1.807,1,0.095,0.0426,0,0.0882,0.503,109.863,237077,4,mem_4
307,1R2yvuqRbC5tpKfsbL1fiA,Oysters,Oysters,25,0.419,0.0703,7,-18.285,1,0.0417,0.983,8.25E-05,0.107,0.148,121.082,160213,4,mem_4
308,3DrjZArsPsoqbLzUZZV1Id,Back To December,Back To December,61,0.529,0.67,2,-4.663,1,0.0303,0.117,0,0.334,0.286,141.893,293027,4,mem_4
309,06K7eV1ZasY3pGvP4PgKy5,Paradise Hotel,Paradise Hotel,15,0.535,0.245,7,-16.373,1,0.0252,0.751,0.00488,0.109,0.357,80.994,246400,4,mem_4
310,0TK2YIli7K1leLovkQiNik,Se√±orita,Senorita,97,0.759,0.54,9,-6.039,0,0.0287,0.037,0,0.0945,0.75,116.947,190960,4,mem_4
311,2SU94Rw5csEmWpBW0l5iAx,Any Other World,Any Other World,37,0.506,0.252,3,-11.576,1,0.0325,0.849,8.43E-05,0.119,0.288,131.918,259200,4,mem_4
312,3p6hnejEQYXkiTO1lAzVc0,Euphoria,Euphoria,78,0.637,0.799,2,-4.519,1,0.0338,0.394,0,0.0921,0.562,104.995,228615,4,mem_4
313,01gUlvzAPiwB9Ekq9kGVCM,Anpanman,Anpanman,71,0.813,0.875,1,-2.92,0,0.0918,0.0237,0,0.288,0.756,99.004,232966,4,mem_4
314,0oTtnnedK0C4unALxVTPhz,Mystery of Love (From the Original Motion Picture ‚ÄúCall Me by Your Name‚Äù),Mystery Of Love (From The Original Motion Picture ¬Äåcall Me By Your Name‚Äù),61,0.365,0.273,4,-16.526,0,0.038,0.94,0.431,0.109,0.238,132.285,248965,5,mem_4
315,1OBb2wZMXKNmtdyyejLIyL,Uh-Oh,Uh-Oh,72,0.781,0.814,11,-3.315,0,0.0648,0.0586,0,0.118,0.782,92.037,207600,4,mem_4
316,1RvQQGwaPipiNgz8RXAKA8,Red,Red,61,0.609,0.888,1,-4.183,0,0.0466,0.0856,0.000142,0.0924,0.623,124.966,220827,4,mem_4
317,1ZPMLCzCwIvLbMFWvYiw4H,See U Later,See U Later,63,0.741,0.926,9,-3.968,0,0.112,0.0376,0,0.582,0.571,106.99,198867,4,mem_4
318,1xgGzG8Qailc0ps1cYsYHU,My First Kiss,My First Kiss,19,0.68,0.865,1,-2.686,1,0.0401,0.447,0,0.0546,0.894,145.013,195843,4,mem_4
319,2ZdEU0Ys9frp2y0Z950jWR,The Sound,The Sound,51,0.632,0.57,2,-7.341,1,0.0944,0.636,0.000347,0.0815,0.612,80.636,171160,4,mem_4
320,2bJvI42r8EF3wxjOuDav4r,Time of Our Lives,Time Of Our Lives,77,0.72,0.802,1,-5.797,1,0.0582,0.0921,0,0.694,0.723,124.043,229360,4,mem_4
321,2wVDWtLKXunswWecARNILj,SOLO,Solo,74,0.751,0.642,3,-5.165,0,0.087,0.0861,0,0.0953,0.388,95.045,169567,4,mem_4
322,3KGEbCfnzAzFVimY9p62MN,Best Of Me,Best Of Me,70,0.651,0.756,8,-4.388,1,0.0762,0.0298,0,0.396,0.473,121.96,227191,4,mem_4
323,5XLjMNt3UAdE5V1KuRJ3KH,You And I (Part.5),You And I (Part.5),29,0.597,0.861,2,-3.58,1,0.0529,0.296,0,0.123,0.594,90.022,170136,4,mem_4
324,5nIjOnMbC0QDMrYFLGx0yV,BOOMBAYAH,Boombayah,64,0.748,0.873,5,-2.179,0,0.0516,0.023,2.76E-06,0.377,0.506,124.951,240613,4,mem_4
325,74iZuPGwyL33VlTr6jTnab,Always Remember Us This Way,Always Remember Us This Way,77,0.553,0.502,0,-5.972,1,0.0409,0.299,0,0.764,0.296,129.976,210200,4,mem_4
326,76cy1WJvNGJTj78UqeA5zr,IDGAF,Idgaf,84,0.836,0.544,7,-5.975,1,0.0943,0.0403,0,0.0824,0.51,97.028,217947,4,mem_4
327,2gQ3lDcFYa3yFOkaw8PtuO,Anytime,Anytime,56,0.758,0.433,6,-8.607,1,0.0317,0.023,0.00133,0.0454,0.515,129.832,273438,4,mem_4
328,3lNOOfp1wgQUx06Syciz7s,Ichiban Kireina Watashiwo,Ichiban Kireina Watashiwo,20,0.449,0.515,6,-5.835,0,0.0264,0.291,0,0.278,0.338,170.104,267707,4,mem_4
329,0pn8Vl8oFmIp0r21Zwpb76,Right Words Wrong Time,Right Words Wrong Time,49,0.822,0.628,10,-7.376,1,0.034,0.608,0.00326,0.0974,0.836,114.97,200840,4,mem_4
330,0xKNTDmIym4R2TfKnS4FQo,Airplane pt.2,Airplane Pt.2,69,0.769,0.817,0,-4.092,0,0.0339,0.0268,9.95E-05,0.084,0.866,139.979,218615,4,mem_4
331,11gPrIAQGSmQhngUpb0XC2,Feels Right,Feels Right,52,0.686,0.716,0,-4.184,1,0.107,0.114,0,0.0863,0.798,95.84,163133,4,mem_4
332,1ok4gxOv8cg5WLjWK6TQhD,Go Go,Go Go,71,0.856,0.617,10,-5.308,0,0.0841,0.171,0,0.0857,0.759,136.082,235780,4,mem_4
333,2YTblAt3gfs9F3DGYIv2nK,No Drug Like Me,No Drug Like Me,57,0.784,0.62,9,-7.294,0,0.0725,0.524,1.09E-06,0.1,0.742,134.039,208240,4,mem_4
334,2alAe7k3yNNBCwu1yjFSGg,IT WAS LOVE - Instrumental,It Was Love - Instrumental,14,0.507,0.465,10,-8.633,1,0.0252,0.269,0.838,0.163,0.233,174.024,200013,4,mem_4
335,2anfFUyh70hWj3sUEGHt3v,11¬∞,11‚∞,33,0.52,0.232,3,-8.104,1,0.0411,0.928,0,0.149,0.298,81.253,188259,4,mem_4
336,2pB1qJIP38GZAMx4mv13wl,IT WAS LOVE,It Was Love,32,0.472,0.659,10,-5.425,1,0.0494,0.448,0,0.162,0.285,174.029,200013,4,mem_4
337,2tMBCYj22KxtmkAACIvvk4,Magic Shop,Magic Shop,71,0.541,0.661,1,-5.838,1,0.0889,0.103,0,0.0779,0.285,149.926,275696,4,mem_4
338,37Sem719CkxG4OT5hhoHuz,11¬∞ Instrumental,11‚∞ Instrumental,7,0.616,0.152,3,-17.259,1,0.0607,0.994,0.814,0.124,0.284,80.986,188266,4,mem_4
339,3LPg6mpXGsOtMame2M6Bos,Î¥ê,À¥ê,18,0.516,0.78,5,-4.483,0,0.213,0.314,0,0.157,0.34,172.172,200439,4,mem_4
340,3MpwwsTFVtbEunR1dUMJUc,DNA (Pedal 2 LA Mix),Dna (Pedal 2 La Mix),57,0.488,0.955,1,-3.44,0,0.134,0.0352,0,0.301,0.48,129.972,247483,4,mem_4
341,3QxWTqyIT4O9bokIZlNDpo,Â∞èÂçä,≈∞è≈çä,57,0.555,0.4,7,-8.211,1,0.0393,0.182,0,0.0767,0.374,164.952,297240,3,mem_4
342,3V23oYrFVc5VW1Ftq2wPCu,YES or YES,Yes Or Yes,74,0.702,0.913,11,-2.977,1,0.0374,0.0514,3.71E-06,0.166,0.735,137.982,237685,4,mem_4
343,3XEjswcSomkIsgbuNunFmQ,all of my life,All Of My Life,59,0.499,0.274,5,-7.53,0,0.0349,0.877,0,0.11,0.125,67.817,249279,4,mem_4
344,3cn6cFQYrUBkKOX8kQ6oiN,FAKE LOVE (Rocking Vibe Mix),Fake Love (Rocking Vibe Mix),60,0.463,0.804,2,-4.009,0,0.0391,0.0573,0,0.432,0.352,154.913,238494,4,mem_4
345,3dtp75StyEK5XeKraS5KiI,Now That I Found You,Now That I Found You,61,0.63,0.759,0,-5.148,0,0.0475,0.0154,0,0.0851,0.597,124.24,200320,4,mem_4
346,3mCBI7qRyJGfIeqMG3od3F,Hatred Farewell,Hatred Farewell,33,0.68,0.356,7,-5.397,1,0.0344,0.853,0,0.129,0.443,107.444,234482,3,mem_4
347,4TWHREp4wv0TmewqR6rgRd,STAY,Stay,68,0.628,0.433,1,-6.808,1,0.0383,0.569,7.71E-06,0.104,0.343,88.074,230400,4,mem_4
348,4eVkn18rN4GguUWOsR6Use,Answer : Love Myself,Answer : Love Myself,71,0.569,0.793,1,-3.749,1,0.0405,0.189,0,0.111,0.45,108.048,251280,4,mem_4
349,51UAm8F9u16skm1R1ckMwr,I'll Be Your Girl,I'll Be Your Girl,50,0.671,0.659,10,-5.533,1,0.0404,0.00794,0.000369,0.122,0.742,152.016,178707,3,mem_4
350,5N9tuwaNwTxPn8f2j4IoXU,Colorful,Colorful,20,0.565,0.918,7,-2.422,0,0.054,0.173,2.36E-06,0.192,0.686,172.03,212013,4,mem_4
351,5WpHiEENjQz9OOYQzm63s2,You And I (Inst) (Part.5),You And I (Inst) (Part.5),16,0.478,0.835,2,-5.882,1,0.0391,0.00247,0.299,0.0918,0.568,179.952,169273,4,mem_4
352,5ovKXoPXsaCydETxiqbt80,Julien,Julien,60,0.754,0.506,9,-5.392,0,0.0929,0.326,0,0.0716,0.587,118.99,234520,4,mem_4
353,5sbooPcNgIE22DwO0VNGUJ,POP/STARS,Pop/Stars,77,0.566,0.769,7,-4.342,1,0.0872,0.0183,0,0.108,0.385,170.036,191100,4,mem_4
354,5yqCWC2OUFDJHv1F8zG1sO,My First Kiss Instrumental,My First Kiss Instrumental,3,0.71,0.759,1,-5.548,1,0.0434,0.0525,0.421,0.0557,0.778,145.056,195843,4,mem_4
355,68QyrSzpnoU04AAhE5z8lj,Ours - Live/2011,Ours - Live/2011,41,0.421,0.355,0,-10.21,1,0.0298,0.715,0,0.867,0.267,77.769,245973,4,mem_4
356,69XN0XjxcMtUCrvOEd0KYd,Automatically In Love,Automatically In Love,50,0.671,0.646,7,-7.164,1,0.0816,0.0296,0,0.061,0.633,155.981,213280,4,mem_4
357,6cDPJqKw8PUBw5SigKszrL,Want You In My Room,Want You In My Room,59,0.669,0.812,10,-5.865,0,0.0942,0.00883,0.000513,0.0937,0.328,96.917,166293,4,mem_4
358,6wFpWuVxpcYWXw7xzj0Wpt,Everything He Needs,Everything He Needs,52,0.753,0.569,7,-6.027,1,0.0634,0.471,3.37E-06,0.304,0.752,90.994,218893,3,mem_4
359,70SnF1RJLB3blEDBWjrig3,Real Love,Real Love,50,0.603,0.603,11,-6.458,1,0.0455,0.231,0,0.136,0.233,119.838,234920,4,mem_4
360,72axIDDOCa3uaXZEIQZhnR,MIC Drop,Mic Drop,63,0.667,0.889,6,-4.851,1,0.0918,0.00912,0,0.0816,0.541,169.959,238193,4,mem_4
361,75scDPqGs75FotglJSoOI2,MIC Drop (Steve Aoki Remix) [Full Length Edition],Mic Drop (Steve Aoki Remix) [Full Length Edition],75,0.606,0.848,11,-3.952,1,0.184,0.0114,1.06E-06,0.206,0.54,170.01,307676,4,mem_4
362,7CmsSwmE781TU53esN7BK0,For Sure,For Sure,49,0.445,0.758,1,-8.74,0,0.235,0.0878,0.0523,0.0885,0.547,159.849,184907,3,mem_4
363,7aJAl4bTY6AJE2PLspFldY,Do you Know [From ‚ÄúDalKom Family Part 3‚Äù],Do You Know [From ¬Äådalkom Family Part 3‚Äù],19,0.682,0.664,6,-5.802,1,0.0471,0.73,0,0.125,0.467,86,270440,4,mem_4
364,7kG3DPhoPsltuT0vxENI6E,Too Much,Too Much,64,0.733,0.522,5,-6.853,1,0.0593,0.0603,0,0.097,0.729,179.837,197093,4,mem_4
365,7fYJOWWC3POzPz6x35WIrV,‰∏âÊúà„ÅÆÈôΩÁÇé,ƒ∏â∆úà„ÅÆ…ôΩ«Çé,46,0.503,0.486,8,-6.084,1,0.027,0.246,5.82E-06,0.0522,0.336,148.099,273853,4,mem_4
366,2WKrAqYSCIN1ZtznTyNs1E,Ainokatachi (feat. HIDE (GReeeeN)) - Instrumental,Ainokatachi (Feat. Hide (Greeeen)) - Instrumental,13,0.461,0.643,6,-8.566,1,0.0235,0.000161,0.834,0.164,0.16,89.996,265760,4,mem_4
367,0ETvfZPYmBsDEiz9MOOIWn,Just The Way You Are,Just The Way You Are,41,0.596,0.736,5,-6.191,1,0.0298,0.163,1.78E-06,0.189,0.38,108.999,237933,4,mem_4
368,0aPu7k253WegMel2qrsIIP,a song is born,A Song Is Born,46,0.541,0.665,7,-6.993,1,0.0293,0.0802,1.07E-06,0.113,0.278,164.089,360667,4,mem_4
369,15VI9cN0sVm1tdVeHSYTZQ,HONEY,Honey,18,0.473,0.577,1,-8.819,1,0.0406,0.302,0.000511,0.181,0.389,180.011,198507,4,mem_4
370,1TEapQTvr2SNrw7Ql1RzZb,Bye x Bye,Bye X Bye,17,0.624,0.652,11,-4.844,1,0.0286,0.146,2.17E-06,0.0864,0.478,92.012,301813,4,mem_4
371,4hfat4ONQOYldmN4O2tuPA,Harukaze,Harukaze,29,0.512,0.65,2,-4.83,1,0.0257,0.00441,1.38E-06,0.323,0.457,160.075,271880,4,mem_4
372,6FedXvkNJwSvSctNbX0pEy,ÊÑõÂîÑ,∆Ñõ≈îÑ,40,0.496,0.775,8,-4.651,1,0.0323,0.0997,0,0.181,0.385,170.026,236547,4,mem_4
373,0AUxbbqFtXJGE7Fn3jkGX5,Make Me Love You,Make Me Love You,52,0.274,0.736,0,-4.518,1,0.0629,0.0288,0,0.104,0.191,193.468,213160,4,mem_4
374,0GSb1UbnfdPWriuAI8N0er,ÏïàÎÖï Î™ªÌï¥ I'm Not Okay (From ‚ÄúMISSING 9‚Äù),ÃïàÎÖï À™ªÕï¥ I'm Not Okay (From ¬Äåmissing 9‚Äù),44,0.449,0.584,11,-4.748,1,0.0322,0.425,0,0.131,0.23,139.746,222630,4,mem_4
375,0OciMaLysuUapnpitCNkEK,5:09a.m.,5:09a.M.,24,0.512,0.56,7,-7.973,1,0.0342,0.224,0.0245,0.212,0.34,143.901,170633,4,mem_4
376,0TxSk5fpK01cBLV9ePqcE6,She's In The Rain,She's In The Rain,64,0.36,0.533,3,-4.394,1,0.0302,0.375,0,0.0768,0.421,92.854,237577,4,mem_4
377,0WdR2AyLW1Drd3OUdwezM0,everytime,Everytime,73,0.71,0.614,10,-6.757,0,0.0431,0.186,0,0.0974,0.658,148.152,172107,4,mem_4
378,0aVsVsOYDSEEigiwTrIab9,Let Me,Let Me,73,0.46,0.566,9,-5.637,1,0.0516,0.239,5.93E-06,0.0967,0.19,168.419,185373,4,mem_4
379,0ltHy7lXsJTF2AlqXq0GFE,Home,Home,35,0.6,0.606,0,-4.405,1,0.0279,0.00939,0,0.0813,0.601,80.027,352813,4,mem_4
380,0xO4wM6ZRx5OMOSv2RHoMk,Rescue Me,Rescue Me,49,0.57,0.704,5,-3.488,0,0.0303,0.24,0,0.186,0.358,140.049,262000,4,mem_4
381,12zx31j5crxJQc5HUV5IyV,Bokurano Yume,Bokurano Yume,23,0.496,0.759,10,-4.838,1,0.0369,0.298,0,0.105,0.623,174.071,274733,4,mem_4
382,13z89wLsfbHCarfyiSaNZV,Akashi,Akashi,31,0.475,0.563,11,-5.301,1,0.0275,0.0766,0,0.152,0.343,82.029,320480,4,mem_4
383,17yTGt8knYEGkxKoh14VTP,Arigatou,Arigatou,44,0.527,0.744,0,-4.321,1,0.0294,0.0981,0,0.299,0.341,79.042,359813,4,mem_4
384,1LTla3bbMwueS9LdCSCvy6,Last Scene,Last Scene,48,0.535,0.646,2,-4.755,1,0.0273,0.207,0,0.299,0.394,80.094,361787,4,mem_4
385,1NBryvK85AodnQwIy8qPWc,Good Goodbye,Good Goodbye,37,0.278,0.218,9,-12.156,0,0.0312,0.952,0,0.109,0.204,83.961,229067,4,mem_4
386,1O7SIufNnjx6nTsXqXy46Q,A or B,A Or B,19,0.569,0.638,7,-4.943,1,0.0333,0.0368,0.000227,0.137,0.583,169.973,316973,4,mem_4
387,1QdEludYnXLqM4gtlhhsks,Natsu No Owari,Natsu No Owari,31,0.639,0.687,8,-6.275,1,0.0363,0.107,0,0.284,0.429,84.016,306160,4,mem_4
388,1VwOad23MsNZkmDyIyxEXe,Cherry Blossom Love Song,Cherry Blossom Love Song,55,0.377,0.304,0,-7.674,1,0.0323,0.861,0,0.356,0.212,72.173,250456,4,mem_4
389,1YNQscOx6OqBQjxgJVhEeW,"Girls (feat. Cardi B, Bebe Rexha & Charli XCX)","Girls (Feat. Cardi B, Bebe Rexha & Charli Xcx)",65,0.728,0.69,8,-4.344,0,0.0524,0.0164,0,0.104,0.415,94.028,221153,4,mem_4
390,1kP7A23BkpE21LtVXcM6Ex,Dream,Dream,32,0.592,0.582,8,-5.226,1,0.0253,0.0137,0,0.333,0.473,93.979,323960,4,mem_4
391,1kfEJ0w6qRZR9dIOWJGe0J,Whatcha Doin',Whatcha Doin',52,0.553,0.889,2,-3.387,1,0.241,0.622,0,0.0851,0.742,99.329,209808,4,mem_4
392,1sFEBr033mKyoKtU3Tf1Eg,Song For Love Korean Version,Song For Love Korean Version,34,0.538,0.712,2,-3.895,1,0.0304,0.287,0,0.264,0.142,135.887,235426,4,mem_4
393,21yTInWCVYgm92MMgsRgML,Namida Reset,Namida Reset,27,0.517,0.666,0,-5.976,1,0.0308,0.0372,0,0.295,0.379,84.97,395490,4,mem_4
394,27a8YkCwNUHuD28rmYegHq,Boku Ga Shinou To Omottanowa,Boku Ga Shinou To Omottanowa,49,0.55,0.555,8,-7.9,1,0.0275,0.0644,2.61E-05,0.0964,0.383,167.871,380880,4,mem_4
395,2Adn2LNgkHMH5TelQVAu4n,Pretty Girl Rock,Pretty Girl Rock,67,0.666,0.87,11,-5.004,0,0.246,0.203,0,0.0851,0.9,160.014,243920,4,mem_4
396,2b8fOow8UzyDFAE27YhOZM,Memories,Memories,99,0.764,0.32,11,-7.209,1,0.0546,0.837,0,0.0822,0.575,91.019,189486,4,mem_4
397,2eTKpQqQNohQ7X4Qp66gB9,Good Life,Good Life,32,0.667,0.575,8,-6.544,1,0.0341,0.00539,0,0.0935,0.18,81.008,279547,4,mem_4
398,2f6uFYEhlcmm2Nu9F3JqzW,Rise,Rise,44,0.408,0.579,5,-4.909,1,0.0348,0.308,0,0.104,0.373,81.363,211582,4,mem_4
399,2pY99npaZKTVAyw2DhV9Bo,Forever My Lady,Forever My Lady,54,0.706,0.496,9,-15.138,0,0.0431,0.168,0,0.244,0.771,118.022,320360,4,mem_4
400,2Fxmhks0bxGSBdJ92vM42m,Bad Guy,Bad Guy,96,0.701,0.425,7,-10.965,1,0.375,0.328,0.13,0.1,0.562,135.128,194088,4,mem_4
401,21jGcNKet2qwijlDFuPiPb,Circles,Circles,100,0.695,0.762,0,-3.497,1,0.0395,0.192,0.00244,0.0863,0.553,120.042,215280,4,global
402,6EOKwHETwSkZ9gW2b6ASE0,Ransom,Ransom,79,0.745,0.642,7,-6.257,0,0.287,0.0204,0,0.0658,0.226,179.974,131240,4,global
403,05mDaV9Vb3wrzjF6OPZnhq,Saint-Tropez,Saint-Tropez,90,0.617,0.684,0,-3.618,1,0.0439,0.0545,0,0.104,0.295,132.113,150867,4,global
404,6vBdBCoOhKHiYDDOcorfNo,Goodbyes (Feat. Young Thug),Goodbyes (Feat. Young Thug),74,0.58,0.653,5,-3.818,1,0.0745,0.447,0,0.111,0.175,150.231,174960,4,global
405,3NkJNL3WqO1Lqc3uNDxvCN,Donít Call Me Angel (Charlieís Angels) (with Miley Cyrus & Lana Del Rey),Donít Call Me Angel (Charlieís Angels) (with Miley Cyrus & Lana Del Rey),88,0.643,0.721,1,-5.248,1,0.0449,0.00268,6.51E-06,0.0898,0.317,102.914,190107,4,global
406,0Xek5rqai2jcOWCYWJfVCF,Enemies (feat. DaBaby),Enemies (feat. DaBaby),89,0.542,0.674,6,-4.169,1,0.21,0.0588,0,0.0955,0.667,76.388,196760,4,global
407,7CZyCXKG6d5ALeq41sLzbw,Take What You Want (feat. Ozzy Osbourne & Travis Scott),Take What You Want (feat. Ozzy Osbourne & Travis Scott),92,0.499,0.8,1,-2.665,0,0.0502,0.0906,0,0.147,0.272,139.919,229573,4,global
408,5qmq61DAAOUaW8AUo8xKhh,Truth Hurts,Truth Hurts,92,0.715,0.624,4,-3.046,0,0.114,0.11,0,0.123,0.412,158.087,173325,4,global
409,0RiRZpuVRbi7oqRdSMwhQY,Sunflower - Spider-Man: Into the Spider-Verse,Sunflower - Spider-Man: Into the Spider-Verse,88,0.755,0.522,2,-4.368,1,0.0575,0.533,0,0.0685,0.925,89.96,157560,4,global
410,7sWRlDoTDX8geTR8zzr2vt,Hollywood's Bleeding,Hollywood's Bleeding,89,0.405,0.646,4,-3.206,0,0.0476,0.331,0,0.103,0.17,130.218,156267,4,global
411,6v3KW9xbzN5yKLt9YKDYA2,Senorita,Senorita,89,0.759,0.548,9,-6.049,0,0.029,0.0392,0,0.0828,0.749,116.967,190800,4,global
412,2C6WXnmZ66tHhHlnvwePiK,Die For Me (feat. Future & Halsey),Die For Me (feat. Future & Halsey),86,0.614,0.66,0,-2.848,1,0.0441,0.19,0,0.211,0.452,145.01,245267,4,global
413,1000nHvUdawXuUHgBod4Wv,Panini,Panini,84,0.703,0.594,5,-6.146,0,0.0752,0.342,0,0.123,0.475,153.848,114893,4,global
414,6XHVuErjQ4XNm6nDPVCxVX,No Guidance (feat. Drake),No Guidance (feat. Drake),88,0.698,0.454,1,-6.756,0,0.151,0.123,0,0.155,0.137,92.932,260640,4,global
415,5ry2OE6R2zPQFDO85XkgRb,Money In The Grave (Drake ft. Rick Ross),Money In The Grave (Drake ft. Rick Ross),91,0.831,0.502,10,-4.045,0,0.046,0.101,0,0.122,0.101,100.541,205427,4,global
416,12Fkyg9lpmaz2zmKOfw2Y2,On The Road (feat. Meek Mill & Lil Baby),On The Road (feat. Meek Mill & Lil Baby),86,0.442,0.737,7,-5.046,1,0.109,0.0589,0,0.102,0.21,112.93,218320,5,global
417,7qEHsqek33rTcFNT9PFqLf,Someone You Loved,Someone You Loved,96,0.501,0.405,1,-5.679,1,0.0319,0.751,0,0.105,0.446,109.891,182161,4,global
418,6V9fHiv84WlVTg7CSnIVY2,Graveyard,Graveyard,92,0.667,0.583,11,-5.127,0,0.0747,0.231,4.48E-05,0.181,0.187,92.043,181806,4,global
419,5Z8HZM6iQMhhqyPcCGY5g9,Hot (feat. Gunna),Hot (feat. Gunna),89,0.855,0.651,0,-8.044,0,0.235,0.063,0,0.0772,0.559,111.997,193027,4,global
420,2J0NXdHr6MYvKDSxB7k3V2,A Thousand Bad Times,A Thousand Bad Times,84,0.632,0.732,6,-3.498,1,0.092,0.105,1.15E-05,0.111,0.317,159,221173,4,global
421,3s4mrPrEFFPF0LmAfutW0n,The London (feat. J. Cole & Travis Scott),The London (feat. J. Cole & Travis Scott),83,0.784,0.517,4,-8.981,0,0.209,0.0249,1.44E-06,0.155,0.206,97.991,200187,4,global
422,7aiClxsDWFRQ0Kzk5KI5ku,hot girl bummer,hot girl bummer,97,0.778,0.559,6,-7.109,0,0.0776,0.128,0,0.399,0.678,129.989,185093,1,global
423,5MPPttjfGap2C6j6eKcO6J,Baby (Lil Baby feat. DaBaby),Baby (Lil Baby feat. DaBaby),81,0.97,0.463,10,-7.259,1,0.366,0.0957,0,0.151,0.46,108.003,142417,4,global
424,4sjiIpEv617LDXaidKioOI,223's (feat. 9lokknine),223's (feat. 9lokknine),92,0.932,0.547,0,-7.787,0,0.333,0.0388,0,0.0924,0.695,94.998,176640,4,global
425,2Fxmhks0bxGSBdJ92vM42m,bad guy,bad guy,96,0.701,0.425,7,-10.965,1,0.375,0.328,0.13,0.1,0.562,135.128,194088,4,global
426,7xQAfvXzm3AkraOtGPWIZg,Wow.,Wow.,89,0.829,0.539,11,-7.359,0,0.208,0.136,1.78E-06,0.103,0.388,99.96,149547,4,global
427,1ckLp8lCl8LipXI0ypX72m,I'm Gonna Be,I'm Gonna Be,82,0.746,0.559,5,-4.008,1,0.0316,0.703,0,0.148,0.368,117.943,200680,4,global
428,4sWuPniHClkInYAnzXAYUF,Camelot,Camelot,90,0.787,0.713,7,-5.252,1,0.401,0.0849,0,0.717,0.762,175.041,148759,4,global
429,70eFcWOvlMObDhURTqT4Fv,Beautiful People (feat. Khalid),Beautiful People (feat. Khalid),88,0.64,0.648,5,-8.113,0,0.187,0.124,0,0.0802,0.548,92.977,197867,4,global
430,0Ryd8975WihbObpp5cPW1t,boyfriend (with Social House),boyfriend (with Social House),90,0.4,0.795,10,-3.731,0,0.461,0.119,0,0.159,0.702,190.097,186107,4,global
431,51Fjme0JiitpyXKuyQiCDo,Lalala,Lalala,95,0.843,0.391,2,-7.899,1,0.0845,0.181,0,0.137,0.496,129.972,160627,4,global
432,2gwkD6igEhQbDQegRCcdoB,Suge,Suge,88,0.876,0.662,2,-6.482,0,0.426,0.0608,0,0.127,0.844,75.445,163320,4,global
433,1YscJ7yVTlFxW3eF6pv5ba,Allergic,Allergic,82,0.665,0.741,0,-3.694,1,0.0787,0.154,3.02E-05,0.345,0.57,144.968,156893,4,global
434,5KE9b4x7Zj2A8XtbkqhqTe,Staring At The Sun (feat. SZA),Staring At The Sun (feat. SZA),82,0.724,0.772,6,-4.389,0,0.184,0.248,0,0.308,0.347,95.074,168280,4,global
435,6b2RcmUt1g9N9mQ3CbjX2Y,How Do You Sleep?,How Do You Sleep?,96,0.477,0.682,1,-4.931,0,0.0925,0.153,0,0.0763,0.345,110.567,202205,5,global
436,4SDgTLDYrJ2UrHbkRkg7MD,Panini - DaBaby Remix,Panini - DaBaby Remix,85,0.717,0.598,5,-5.613,0,0.0809,0.22,0,0.122,0.496,153.905,151040,4,global
437,3Yh9lZcWyKrK9GjbhuS0hR,Good as Hell,Good as Hell,88,0.682,0.919,0,-3.18,0,0.0875,0.256,0,0.442,0.535,95.982,159736,4,global
438,6alCTRgBPoeAFi2N4il9Q4,Did It Again,Did It Again,71,0.686,0.561,10,-9.929,0,0.191,0.185,0,0.114,0.186,148.775,116240,4,global
439,1GeNui6m825V8jP4uKiIaH,Bad Bad Bad (feat. Lil Baby),Bad Bad Bad (feat. Lil Baby),86,0.974,0.596,6,-8.888,1,0.184,0.0976,0,0.151,0.892,111.959,149040,4,global
440,1dGr1c8CrMLDpV6mPbImSI,Lover,Lover,89,0.359,0.543,7,-7.582,1,0.0919,0.492,1.58E-05,0.118,0.453,68.534,221307,4,global
441,0DZJACISivjWjscIp5Kg1q,Ransom (with Juice WRLD) - Remix,Ransom (with Juice WRLD) - Remix,70,0.493,0.665,2,-6.427,0,0.366,0.0107,0,0.0762,0.385,179.982,171227,4,global
442,4B7fTyj1FIPvP9tT5X3DnR,Behind Barz - Bonus,Behind Barz - Bonus,79,0.854,0.554,8,-4.684,1,0.172,0.769,1.84E-06,0.0749,0.272,142.069,163121,4,global
443,6uFn47ACjqYkc0jADwEdj1,Pop Out (feat. Lil Tjay),Pop Out (feat. Lil Tjay),87,0.772,0.639,1,-7.119,1,0.467,0.15,0,0.0698,0.261,168.112,166560,4,global
444,2zjGJ0dChMR0KxBZS15aqo,"Baguettes in the Face (feat. NAV, Playboi Carti & A Boogie Wit da Hoodie)","Baguettes in the Face (feat. NAV, Playboi Carti & A Boogie Wit da Hoodie)",85,0.883,0.525,2,-8.054,0,0.0633,0.189,0,0.0971,0.312,99.978,174100,4,global
445,5N1o6d8zGcSZSeMFkOUQOk,Hot Girl Summer (feat. Nicki Minaj & Ty Dolla $ign),Hot Girl Summer (feat. Nicki Minaj & Ty Dolla $ign),84,0.872,0.814,0,-4.568,1,0.155,0.00485,1.96E-06,0.214,0.57,98.985,199427,4,global
446,7LzouaWGFCy4tkXDOOnEyM,Liar,Liar,94,0.74,0.498,11,-6.684,0,0.0456,0.0169,0.00282,0.319,0.652,98.016,207039,4,global
447,44ADyYoY5liaRa3EOAl4uf,Slide Away,Slide Away,86,0.53,0.538,5,-6.672,1,0.0335,0.17,2.83E-06,0.248,0.288,148.051,233654,4,global
448,2cvOfKHOHgwQlLiuLKP2xR,Myself,Myself,82,0.476,0.701,0,-4.234,1,0.0349,0.102,0,0.242,0.405,163.882,158120,4,global
449,67XyC1GdSkKb9sbRRkUDXS,Shotta Flow (Feat. Blueface) [Remix],Shotta Flow (Feat. Blueface) [Remix],84,0.894,0.511,2,-4.768,1,0.42,0.0251,0,0.14,0.568,120.08,176632,4,global
450,1rgnBhdG2JDFTbYkYRZAku,Dance Monkey,Dance Monkey,82,0.825,0.593,6,-6.401,0,0.0988,0.688,0.000161,0.17,0.54,98.078,209755,4,global
451,6TqXcAFInzjp0bODyvrWEq,Talk (feat. Disclosure),Talk (feat. Disclosure),85,0.901,0.4,0,-8.575,1,0.126,0.051,0,0.0599,0.346,135.984,197573,4,global
452,0UPBidRYcgJ2mjZlk08V8x,F.N,F.N,82,0.562,0.502,6,-10.269,0,0.255,0.323,0,0.0757,0.322,120.104,224000,1,global
453,3TLwAp3uX1nKsVxrDhNPOL,Love Me,Love Me,70,0.714,0.532,11,-6.837,0,0.271,0.675,0,0.138,0.831,204.096,117013,4,global
454,6b2mfHMqWCA74XmUuVJm8r,I Know,I Know,80,0.666,0.603,1,-5.671,1,0.0763,0.497,0,0.112,0.262,102.94,141413,4,global
455,0rIAC4PXANcKmitJfoqmVm,Motivation,Motivation,90,0.599,0.887,4,-3.967,1,0.0984,0.0192,1.21E-06,0.3,0.881,170.918,193837,4,global
456,6RRNNciQGZEXnqk8SQ9yv5,You Need To Calm Down,You Need To Calm Down,88,0.771,0.671,2,-5.617,1,0.0553,0.00929,0,0.0637,0.714,85.026,171360,4,global
457,2xE16muNCmhZwSOv3i1d1H,Mood Swings,Mood Swings,81,0.943,0.664,4,-5.952,0,0.106,0.235,5.84E-06,0.112,0.93,120.051,156893,4,global
458,2JvzF1RMd7lE3KmFlsyZD8,MIDDLE CHILD,MIDDLE CHILD,87,0.837,0.364,8,-11.713,1,0.276,0.149,0,0.271,0.463,123.984,213594,4,global
459,0KAzP1Rbp0Vz5pw8i1KDDI,Internet,Internet,79,0.469,0.489,0,-6.071,1,0.0314,0.841,0,0.103,0.201,74.013,123387,4,global
460,0hVXuCcriWRGvwMV1r5Yn9,I Don't Care (with Justin Bieber),I Don't Care (with Justin Bieber),86,0.798,0.675,6,-5.041,1,0.0442,0.0912,0,0.0894,0.842,101.956,219947,4,global
461,3RauEVgRgj1IuWdJ9fDs70,The Man,The Man,84,0.777,0.658,0,-5.191,1,0.054,0.0767,0,0.0901,0.633,110.048,190360,4,global
462,6moU77g9RQyMzHNuKEaQKq,It's You,It's You,91,0.732,0.463,11,-6.972,0,0.0287,0.374,0,0.194,0.397,95.971,212607,4,global
463,2IRZnDFmlqMuOrYOLnZZyc,Going Bad (feat. Drake),Going Bad (feat. Drake),86,0.889,0.496,4,-6.365,0,0.0905,0.259,0,0.252,0.544,86.003,180522,4,global
464,2YpeDb67231RjR0MgVLzsG,Old Town Road - Remix,Old Town Road - Remix,92,0.878,0.619,6,-5.56,1,0.102,0.0533,0,0.113,0.639,136.041,157067,4,global
465,322tcqPhma7F6hfCeLisx0,"fuck, i'm lonely (with Anne-Marie) - from ì13 Reasons Why: Season 3î","fuck, i'm lonely (with Anne-Marie) - from ì13 Reasons Why: Season 3î",90,0.806,0.558,9,-6.46,1,0.0683,0.482,0,0.0618,0.678,95.016,198973,4,global
466,1wJRveJZLSb1rjhnUHQiv6,Swervin (feat. 6ix9ine),Swervin (feat. 6ix9ine),86,0.581,0.662,9,-5.239,1,0.303,0.0153,0,0.111,0.434,93.023,189487,4,global
467,2xLMifQCjDGFmkHkpNLD9h,SICKO MODE,SICKO MODE,89,0.834,0.73,8,-3.714,1,0.222,0.00513,0,0.124,0.446,155.008,312820,4,global
468,78QR3Wp35dqAhFEc2qAGjE,Drip Too Hard (Lil Baby & Gunna),Drip Too Hard (Lil Baby & Gunna),86,0.897,0.662,1,-6.903,0,0.292,0.0852,0,0.534,0.389,112.511,145543,4,global
469,4a6q8CR2hzLk2plDkSxkfD,I.F.L.Y.,I.F.L.Y.,89,0.812,0.519,2,-4.823,1,0.0385,0.379,0,0.13,0.554,104.954,165714,4,global
470,5hVghJ4KaYES3BFUATCYn0,EARFQUAKE,EARFQUAKE,85,0.554,0.498,9,-8.866,1,0.0685,0.23,5.98E-06,0.795,0.413,79.635,190067,4,global
471,3XiNC94b4Tq1xwv70sQJGN,Sanguine Paradise,Sanguine Paradise,84,0.729,0.603,6,-6.736,0,0.0666,0.0948,0,0.113,0.207,134.972,243976,4,global
472,2ksOAxtIxY8yElEWw8RhgK,China,China,96,0.786,0.808,7,-3.702,1,0.0882,0.0846,0.000289,0.0822,0.609,105.027,301714,4,global
473,7eBqSVxrzQZtK2mmgRG6lC,Murder On My Mind,Murder On My Mind,86,0.759,0.73,0,-7.985,0,0.0516,0.145,3.06E-06,0.11,0.74,115.007,268434,4,global
474,285pBltuF7vW8TeWk8hdRR,Lucid Dreams,Lucid Dreams,88,0.511,0.566,6,-7.23,0,0.2,0.349,0,0.34,0.218,83.903,239836,4,global
475,2TH65lNHgvLxCKXM3apjxI,Callaita,Callaita,93,0.61,0.624,2,-4.773,1,0.309,0.6,2.12E-06,0.243,0.244,176.169,250534,4,global
476,4hPpVbbakQNv8YTHYaOJP4,One Thing Right,One Thing Right,88,0.659,0.623,4,-2.253,1,0.0451,0.0667,0,0.582,0.439,88.042,181824,4,global
477,7rvyVWja33WG9R97oeJAjx,Envy Me,Envy Me,79,0.74,0.488,1,-7.664,0,0.27,0.234,0,0.241,0.584,149.042,120133,4,global
478,5xjei7JnROsAzLY2a7RdZU,Shots,Shots,69,0.829,0.582,7,-5.721,0,0.0415,0.525,0,0.0759,0.51,108.028,109373,4,global
479,5KBARWIxeMGkvUax9VtVC9,My Type,My Type,83,0.899,0.811,2,-6.294,1,0.258,0.000677,0,0.0672,0.587,105.038,126446,4,global
480,26wLOs3ZuHJa2Ihhx6QIE6,Teeth,Teeth,81,0.749,0.461,10,-2.961,0,0.0416,0.0516,6.24E-06,0.0738,0.42,139.02,204887,4,global
481,00ko9WaS4jOX1kEk3gvHjf,Hot Shower,Hot Shower,86,0.897,0.522,2,-7.578,1,0.374,0.0016,0,0.0554,0.623,149.986,225924,4,global
482,6ocbgoVGwYJhOv1GgI9NsF,7 rings,7 rings,90,0.778,0.317,1,-10.732,0,0.334,0.592,0,0.0881,0.327,140.048,178627,4,global
483,1BxfuPKGuaTgP7aM0Bbdwr,Cruel Summer,Cruel Summer,83,0.552,0.702,9,-5.707,1,0.157,0.117,2.06E-05,0.105,0.564,169.994,178427,4,global
484,0u2P5u6lvoDfwTYjAADbn4,lovely (with Khalid),lovely (with Khalid),90,0.351,0.296,4,-10.109,0,0.0333,0.934,0,0.095,0.12,115.284,200186,4,global
485,6wo37KVqFJhtuxPTpLCcfe,Takeaway (feat. Lennon Stella),Takeaway (feat. Lennon Stella),90,0.294,0.505,3,-8.106,1,0.042,0.12,0,0.0977,0.357,85.332,209893,1,global
486,2rMAtCaTj16NptyVfEIeAC,Cash Shit (feat. DaBaby),Cash Shit (feat. DaBaby),82,0.921,0.635,1,-4.904,1,0.416,0.0218,0,0.0946,0.549,130.028,192540,4,global
487,3j84U36KvLeXNDPv4t5pI8,Pure Water (with Migos),Pure Water (with Migos),85,0.682,0.559,0,-5.545,1,0.127,0.174,0,0.344,0.137,202.015,192471,4,global
488,43zdsphuZLzwA9k4DJhU0I,when the party's over,when the party's over,90,0.367,0.111,4,-14.084,1,0.0972,0.978,3.97E-05,0.0897,0.198,82.642,196077,4,global
489,43rA71bccXFGD4C8GOpIlN,I Forgot That You Existed,I Forgot That You Existed,83,0.664,0.316,5,-10.345,1,0.519,0.298,2.03E-06,0.0812,0.541,92.875,170640,4,global
490,22vgEDb5hykfaTwLuskFGD,Sucker,Sucker,81,0.842,0.734,1,-5.065,0,0.0588,0.0427,0,0.106,0.952,137.958,181027,4,global
491,0e7ipj03S05BNilyu5bRzt,rockstar (feat. 21 Savage),rockstar (feat. 21 Savage),89,0.587,0.535,5,-6.09,0,0.0898,0.117,6.56E-05,0.131,0.14,159.847,218147,4,global
492,6zeeWid2sgw4lap2jV61PZ,Better,Better,82,0.596,0.552,0,-10.278,0,0.097,0.0765,0.334,0.104,0.112,97.949,229320,4,global
493,7FGq80cy8juXBCD2nrqdWU,Eastside (with Halsey & Khalid),Eastside (with Halsey & Khalid),80,0.632,0.686,6,-7.665,0,0.243,0.549,0,0.2,0.329,89.949,170770,4,global
494,7dt6x5M1jzdTEt8oCbisTK,Better Now,Better Now,88,0.68,0.563,10,-5.843,1,0.0454,0.354,0,0.136,0.374,145.028,231267,4,global
495,6Hj9jySrnFppAI0sEMCZpJ,Robbery,Robbery,85,0.685,0.692,2,-5.122,1,0.0457,0.328,0,0.153,0.578,159.966,240051,5,global
496,3QzAOrNlsabgbMwlZt7TAY,Ballin' (with Roddy Ricch),Ballin' (with Roddy Ricch),87,0.809,0.545,7,-6.678,1,0.0735,0.392,0,0.151,0.244,97.008,180435,4,global
497,2bT1PH7Cw3J9p3t7nlXCdh,If I Can't Have You,If I Can't Have You,79,0.691,0.823,2,-4.197,1,0.0623,0.487,0,0.134,0.87,123.935,191467,4,global
498,0rKtyWc8bvkriBthvHKY8d,SLOW DANCING IN THE DARK,SLOW DANCING IN THE DARK,86,0.515,0.479,3,-7.458,1,0.0261,0.544,0.00598,0.191,0.284,88.964,209274,4,global
499,7f1zjZG77S891Uv4O68yfk,Baby Sitter (feat. Offset),Baby Sitter (feat. Offset),81,0.852,0.73,1,-5.803,1,0.0579,0.0219,0,0.336,0.394,92.506,157693,4,global
500,643PW82aBMUa1FiWi5VQY7,Babushka Boi,Babushka Boi,81,0.897,0.743,10,-5.446,0,0.222,0.304,4.44E-05,0.137,0.905,134.979,187105,4,global
