danceability,energy,key,loudness,mode,speechiness,acousticness,instrumentalness,liveness,valence,tempo,type,id,uri,track_href,analysis_url,duration_ms,time_signature,team_member_id
0.695,0.762,0,-3.497,1,0.0395,0.192,0.00244,0.0863,0.553,120.042,audio_features,21jGcNKet2qwijlDFuPiPb,spotify:track:21jGcNKet2qwijlDFuPiPb,https://api.spotify.com/v1/tracks/21jGcNKet2qwijlDFuPiPb,https://api.spotify.com/v1/audio-analysis/21jGcNKet2qwijlDFuPiPb,215280,4,mem_1
0.745,0.642,7,-6.257,0,0.287,0.0204,0,0.0658,0.226,179.974,audio_features,6EOKwHETwSkZ9gW2b6ASE0,spotify:track:6EOKwHETwSkZ9gW2b6ASE0,https://api.spotify.com/v1/tracks/6EOKwHETwSkZ9gW2b6ASE0,https://api.spotify.com/v1/audio-analysis/6EOKwHETwSkZ9gW2b6ASE0,131240,4,mem_1
0.617,0.684,0,-3.618,1,0.0439,0.0545,0,0.104,0.295,132.113,audio_features,05mDaV9Vb3wrzjF6OPZnhq,spotify:track:05mDaV9Vb3wrzjF6OPZnhq,https://api.spotify.com/v1/tracks/05mDaV9Vb3wrzjF6OPZnhq,https://api.spotify.com/v1/audio-analysis/05mDaV9Vb3wrzjF6OPZnhq,150867,4,mem_1
0.58,0.653,5,-3.818,1,0.0745,0.447,0,0.111,0.175,150.231,audio_features,6vBdBCoOhKHiYDDOcorfNo,spotify:track:6vBdBCoOhKHiYDDOcorfNo,https://api.spotify.com/v1/tracks/6vBdBCoOhKHiYDDOcorfNo,https://api.spotify.com/v1/audio-analysis/6vBdBCoOhKHiYDDOcorfNo,174960,4,mem_1
0.643,0.721,1,-5.248,1,0.0449,0.00268,6.51e-06,0.0898,0.317,102.914,audio_features,3NkJNL3WqO1Lqc3uNDxvCN,spotify:track:3NkJNL3WqO1Lqc3uNDxvCN,https://api.spotify.com/v1/tracks/3NkJNL3WqO1Lqc3uNDxvCN,https://api.spotify.com/v1/audio-analysis/3NkJNL3WqO1Lqc3uNDxvCN,190107,4,mem_1
0.542,0.674,6,-4.169,1,0.21,0.0588,0,0.0955,0.667,76.388,audio_features,0Xek5rqai2jcOWCYWJfVCF,spotify:track:0Xek5rqai2jcOWCYWJfVCF,https://api.spotify.com/v1/tracks/0Xek5rqai2jcOWCYWJfVCF,https://api.spotify.com/v1/audio-analysis/0Xek5rqai2jcOWCYWJfVCF,196760,4,mem_1
0.499,0.8,1,-2.665,0,0.0502,0.0906,0,0.147,0.272,139.919,audio_features,7CZyCXKG6d5ALeq41sLzbw,spotify:track:7CZyCXKG6d5ALeq41sLzbw,https://api.spotify.com/v1/tracks/7CZyCXKG6d5ALeq41sLzbw,https://api.spotify.com/v1/audio-analysis/7CZyCXKG6d5ALeq41sLzbw,229573,4,mem_1
0.715,0.624,4,-3.046,0,0.114,0.11,0,0.123,0.412,158.087,audio_features,5qmq61DAAOUaW8AUo8xKhh,spotify:track:5qmq61DAAOUaW8AUo8xKhh,https://api.spotify.com/v1/tracks/5qmq61DAAOUaW8AUo8xKhh,https://api.spotify.com/v1/audio-analysis/5qmq61DAAOUaW8AUo8xKhh,173325,4,mem_1
0.755,0.522,2,-4.368,1,0.0575,0.533,0,0.0685,0.925,89.96,audio_features,0RiRZpuVRbi7oqRdSMwhQY,spotify:track:0RiRZpuVRbi7oqRdSMwhQY,https://api.spotify.com/v1/tracks/0RiRZpuVRbi7oqRdSMwhQY,https://api.spotify.com/v1/audio-analysis/0RiRZpuVRbi7oqRdSMwhQY,157560,4,mem_1
0.405,0.646,4,-3.206,0,0.0476,0.331,0,0.103,0.17,130.218,audio_features,7sWRlDoTDX8geTR8zzr2vt,spotify:track:7sWRlDoTDX8geTR8zzr2vt,https://api.spotify.com/v1/tracks/7sWRlDoTDX8geTR8zzr2vt,https://api.spotify.com/v1/audio-analysis/7sWRlDoTDX8geTR8zzr2vt,156267,4,mem_1
0.759,0.548,9,-6.049,0,0.029,0.0392,0,0.0828,0.749,116.967,audio_features,6v3KW9xbzN5yKLt9YKDYA2,spotify:track:6v3KW9xbzN5yKLt9YKDYA2,https://api.spotify.com/v1/tracks/6v3KW9xbzN5yKLt9YKDYA2,https://api.spotify.com/v1/audio-analysis/6v3KW9xbzN5yKLt9YKDYA2,190800,4,mem_1
0.614,0.66,0,-2.848,1,0.0441,0.19,0,0.211,0.452,145.01,audio_features,2C6WXnmZ66tHhHlnvwePiK,spotify:track:2C6WXnmZ66tHhHlnvwePiK,https://api.spotify.com/v1/tracks/2C6WXnmZ66tHhHlnvwePiK,https://api.spotify.com/v1/audio-analysis/2C6WXnmZ66tHhHlnvwePiK,245267,4,mem_1
0.703,0.594,5,-6.146,0,0.0752,0.342,0,0.123,0.475,153.848,audio_features,1000nHvUdawXuUHgBod4Wv,spotify:track:1000nHvUdawXuUHgBod4Wv,https://api.spotify.com/v1/tracks/1000nHvUdawXuUHgBod4Wv,https://api.spotify.com/v1/audio-analysis/1000nHvUdawXuUHgBod4Wv,114893,4,mem_1
0.698,0.454,1,-6.756,0,0.151,0.123,0,0.155,0.137,92.932,audio_features,6XHVuErjQ4XNm6nDPVCxVX,spotify:track:6XHVuErjQ4XNm6nDPVCxVX,https://api.spotify.com/v1/tracks/6XHVuErjQ4XNm6nDPVCxVX,https://api.spotify.com/v1/audio-analysis/6XHVuErjQ4XNm6nDPVCxVX,260640,4,mem_1
0.831,0.502,10,-4.045,0,0.046,0.101,0,0.122,0.101,100.541,audio_features,5ry2OE6R2zPQFDO85XkgRb,spotify:track:5ry2OE6R2zPQFDO85XkgRb,https://api.spotify.com/v1/tracks/5ry2OE6R2zPQFDO85XkgRb,https://api.spotify.com/v1/audio-analysis/5ry2OE6R2zPQFDO85XkgRb,205427,4,mem_1
0.442,0.737,7,-5.046,1,0.109,0.0589,0,0.102,0.21,112.93,audio_features,12Fkyg9lpmaz2zmKOfw2Y2,spotify:track:12Fkyg9lpmaz2zmKOfw2Y2,https://api.spotify.com/v1/tracks/12Fkyg9lpmaz2zmKOfw2Y2,https://api.spotify.com/v1/audio-analysis/12Fkyg9lpmaz2zmKOfw2Y2,218320,5,mem_1
0.501,0.405,1,-5.679,1,0.0319,0.751,0,0.105,0.446,109.891,audio_features,7qEHsqek33rTcFNT9PFqLf,spotify:track:7qEHsqek33rTcFNT9PFqLf,https://api.spotify.com/v1/tracks/7qEHsqek33rTcFNT9PFqLf,https://api.spotify.com/v1/audio-analysis/7qEHsqek33rTcFNT9PFqLf,182161,4,mem_1
0.667,0.583,11,-5.127,0,0.0747,0.231,4.48e-05,0.181,0.187,92.043,audio_features,6V9fHiv84WlVTg7CSnIVY2,spotify:track:6V9fHiv84WlVTg7CSnIVY2,https://api.spotify.com/v1/tracks/6V9fHiv84WlVTg7CSnIVY2,https://api.spotify.com/v1/audio-analysis/6V9fHiv84WlVTg7CSnIVY2,181806,4,mem_1
0.855,0.651,0,-8.044,0,0.235,0.063,0,0.0772,0.559,111.997,audio_features,5Z8HZM6iQMhhqyPcCGY5g9,spotify:track:5Z8HZM6iQMhhqyPcCGY5g9,https://api.spotify.com/v1/tracks/5Z8HZM6iQMhhqyPcCGY5g9,https://api.spotify.com/v1/audio-analysis/5Z8HZM6iQMhhqyPcCGY5g9,193027,4,mem_1
0.632,0.732,6,-3.498,1,0.092,0.105,1.15e-05,0.111,0.317,159.0,audio_features,2J0NXdHr6MYvKDSxB7k3V2,spotify:track:2J0NXdHr6MYvKDSxB7k3V2,https://api.spotify.com/v1/tracks/2J0NXdHr6MYvKDSxB7k3V2,https://api.spotify.com/v1/audio-analysis/2J0NXdHr6MYvKDSxB7k3V2,221173,4,mem_1
0.784,0.517,4,-8.981,0,0.209,0.0249,1.44e-06,0.155,0.206,97.991,audio_features,3s4mrPrEFFPF0LmAfutW0n,spotify:track:3s4mrPrEFFPF0LmAfutW0n,https://api.spotify.com/v1/tracks/3s4mrPrEFFPF0LmAfutW0n,https://api.spotify.com/v1/audio-analysis/3s4mrPrEFFPF0LmAfutW0n,200187,4,mem_1
0.778,0.559,6,-7.109,0,0.0776,0.128,0,0.399,0.678,129.989,audio_features,7aiClxsDWFRQ0Kzk5KI5ku,spotify:track:7aiClxsDWFRQ0Kzk5KI5ku,https://api.spotify.com/v1/tracks/7aiClxsDWFRQ0Kzk5KI5ku,https://api.spotify.com/v1/audio-analysis/7aiClxsDWFRQ0Kzk5KI5ku,185093,1,mem_1
0.97,0.463,10,-7.259,1,0.366,0.0957,0,0.151,0.46,108.003,audio_features,5MPPttjfGap2C6j6eKcO6J,spotify:track:5MPPttjfGap2C6j6eKcO6J,https://api.spotify.com/v1/tracks/5MPPttjfGap2C6j6eKcO6J,https://api.spotify.com/v1/audio-analysis/5MPPttjfGap2C6j6eKcO6J,142417,4,mem_1
0.931,0.502,0,-9.311,0,0.353,0.0389,0,0.0912,0.712,94.999,audio_features,4sjiIpEv617LDXaidKioOI,spotify:track:4sjiIpEv617LDXaidKioOI,https://api.spotify.com/v1/tracks/4sjiIpEv617LDXaidKioOI,https://api.spotify.com/v1/audio-analysis/4sjiIpEv617LDXaidKioOI,176640,4,mem_1
0.701,0.425,7,-10.965,1,0.375,0.328,0.13,0.1,0.562,135.128,audio_features,2Fxmhks0bxGSBdJ92vM42m,spotify:track:2Fxmhks0bxGSBdJ92vM42m,https://api.spotify.com/v1/tracks/2Fxmhks0bxGSBdJ92vM42m,https://api.spotify.com/v1/audio-analysis/2Fxmhks0bxGSBdJ92vM42m,194088,4,mem_1
0.829,0.539,11,-7.359,0,0.208,0.136,1.78e-06,0.103,0.388,99.96,audio_features,7xQAfvXzm3AkraOtGPWIZg,spotify:track:7xQAfvXzm3AkraOtGPWIZg,https://api.spotify.com/v1/tracks/7xQAfvXzm3AkraOtGPWIZg,https://api.spotify.com/v1/audio-analysis/7xQAfvXzm3AkraOtGPWIZg,149547,4,mem_1
0.746,0.559,5,-4.008,1,0.0316,0.703,0,0.148,0.368,117.943,audio_features,1ckLp8lCl8LipXI0ypX72m,spotify:track:1ckLp8lCl8LipXI0ypX72m,https://api.spotify.com/v1/tracks/1ckLp8lCl8LipXI0ypX72m,https://api.spotify.com/v1/audio-analysis/1ckLp8lCl8LipXI0ypX72m,200680,4,mem_1
0.787,0.713,7,-5.252,1,0.401,0.0849,0,0.717,0.762,175.041,audio_features,4sWuPniHClkInYAnzXAYUF,spotify:track:4sWuPniHClkInYAnzXAYUF,https://api.spotify.com/v1/tracks/4sWuPniHClkInYAnzXAYUF,https://api.spotify.com/v1/audio-analysis/4sWuPniHClkInYAnzXAYUF,148759,4,mem_1
0.64,0.648,5,-8.113,0,0.187,0.124,0,0.0802,0.548,92.977,audio_features,70eFcWOvlMObDhURTqT4Fv,spotify:track:70eFcWOvlMObDhURTqT4Fv,https://api.spotify.com/v1/tracks/70eFcWOvlMObDhURTqT4Fv,https://api.spotify.com/v1/audio-analysis/70eFcWOvlMObDhURTqT4Fv,197867,4,mem_1
0.4,0.795,10,-3.731,0,0.461,0.119,0,0.159,0.702,190.097,audio_features,0Ryd8975WihbObpp5cPW1t,spotify:track:0Ryd8975WihbObpp5cPW1t,https://api.spotify.com/v1/tracks/0Ryd8975WihbObpp5cPW1t,https://api.spotify.com/v1/audio-analysis/0Ryd8975WihbObpp5cPW1t,186107,4,mem_1
0.843,0.391,2,-7.899,1,0.0845,0.181,0,0.137,0.496,129.972,audio_features,51Fjme0JiitpyXKuyQiCDo,spotify:track:51Fjme0JiitpyXKuyQiCDo,https://api.spotify.com/v1/tracks/51Fjme0JiitpyXKuyQiCDo,https://api.spotify.com/v1/audio-analysis/51Fjme0JiitpyXKuyQiCDo,160627,4,mem_1
0.876,0.662,2,-6.482,0,0.426,0.0608,0,0.127,0.844,75.445,audio_features,2gwkD6igEhQbDQegRCcdoB,spotify:track:2gwkD6igEhQbDQegRCcdoB,https://api.spotify.com/v1/tracks/2gwkD6igEhQbDQegRCcdoB,https://api.spotify.com/v1/audio-analysis/2gwkD6igEhQbDQegRCcdoB,163320,4,mem_1
0.665,0.741,0,-3.694,1,0.0787,0.154,3.02e-05,0.345,0.57,144.968,audio_features,1YscJ7yVTlFxW3eF6pv5ba,spotify:track:1YscJ7yVTlFxW3eF6pv5ba,https://api.spotify.com/v1/tracks/1YscJ7yVTlFxW3eF6pv5ba,https://api.spotify.com/v1/audio-analysis/1YscJ7yVTlFxW3eF6pv5ba,156893,4,mem_1
0.724,0.772,6,-4.389,0,0.184,0.248,0,0.308,0.347,95.074,audio_features,5KE9b4x7Zj2A8XtbkqhqTe,spotify:track:5KE9b4x7Zj2A8XtbkqhqTe,https://api.spotify.com/v1/tracks/5KE9b4x7Zj2A8XtbkqhqTe,https://api.spotify.com/v1/audio-analysis/5KE9b4x7Zj2A8XtbkqhqTe,168280,4,mem_1
0.477,0.682,1,-4.931,0,0.0925,0.153,0,0.0763,0.345,110.567,audio_features,6b2RcmUt1g9N9mQ3CbjX2Y,spotify:track:6b2RcmUt1g9N9mQ3CbjX2Y,https://api.spotify.com/v1/tracks/6b2RcmUt1g9N9mQ3CbjX2Y,https://api.spotify.com/v1/audio-analysis/6b2RcmUt1g9N9mQ3CbjX2Y,202205,5,mem_1
0.717,0.598,5,-5.613,0,0.0809,0.22,0,0.122,0.496,153.905,audio_features,4SDgTLDYrJ2UrHbkRkg7MD,spotify:track:4SDgTLDYrJ2UrHbkRkg7MD,https://api.spotify.com/v1/tracks/4SDgTLDYrJ2UrHbkRkg7MD,https://api.spotify.com/v1/audio-analysis/4SDgTLDYrJ2UrHbkRkg7MD,151040,4,mem_1
0.682,0.919,0,-3.18,0,0.0875,0.256,0,0.442,0.535,95.982,audio_features,3Yh9lZcWyKrK9GjbhuS0hR,spotify:track:3Yh9lZcWyKrK9GjbhuS0hR,https://api.spotify.com/v1/tracks/3Yh9lZcWyKrK9GjbhuS0hR,https://api.spotify.com/v1/audio-analysis/3Yh9lZcWyKrK9GjbhuS0hR,159736,4,mem_1
0.686,0.561,10,-9.929,0,0.191,0.185,0,0.114,0.186,148.775,audio_features,6alCTRgBPoeAFi2N4il9Q4,spotify:track:6alCTRgBPoeAFi2N4il9Q4,https://api.spotify.com/v1/tracks/6alCTRgBPoeAFi2N4il9Q4,https://api.spotify.com/v1/audio-analysis/6alCTRgBPoeAFi2N4il9Q4,116240,4,mem_1
0.974,0.596,6,-8.888,1,0.184,0.0976,0,0.151,0.892,111.959,audio_features,1GeNui6m825V8jP4uKiIaH,spotify:track:1GeNui6m825V8jP4uKiIaH,https://api.spotify.com/v1/tracks/1GeNui6m825V8jP4uKiIaH,https://api.spotify.com/v1/audio-analysis/1GeNui6m825V8jP4uKiIaH,149040,4,mem_1
0.359,0.543,7,-7.582,1,0.0919,0.492,1.58e-05,0.118,0.453,68.534,audio_features,1dGr1c8CrMLDpV6mPbImSI,spotify:track:1dGr1c8CrMLDpV6mPbImSI,https://api.spotify.com/v1/tracks/1dGr1c8CrMLDpV6mPbImSI,https://api.spotify.com/v1/audio-analysis/1dGr1c8CrMLDpV6mPbImSI,221307,4,mem_1
0.493,0.665,2,-6.427,0,0.366,0.0107,0,0.0762,0.385,179.982,audio_features,0DZJACISivjWjscIp5Kg1q,spotify:track:0DZJACISivjWjscIp5Kg1q,https://api.spotify.com/v1/tracks/0DZJACISivjWjscIp5Kg1q,https://api.spotify.com/v1/audio-analysis/0DZJACISivjWjscIp5Kg1q,171227,4,mem_1
0.854,0.554,8,-4.684,1,0.172,0.769,1.84e-06,0.0749,0.272,142.069,audio_features,4B7fTyj1FIPvP9tT5X3DnR,spotify:track:4B7fTyj1FIPvP9tT5X3DnR,https://api.spotify.com/v1/tracks/4B7fTyj1FIPvP9tT5X3DnR,https://api.spotify.com/v1/audio-analysis/4B7fTyj1FIPvP9tT5X3DnR,163121,4,mem_1
0.772,0.639,1,-7.119,1,0.467,0.15,0,0.0698,0.261,168.112,audio_features,6uFn47ACjqYkc0jADwEdj1,spotify:track:6uFn47ACjqYkc0jADwEdj1,https://api.spotify.com/v1/tracks/6uFn47ACjqYkc0jADwEdj1,https://api.spotify.com/v1/audio-analysis/6uFn47ACjqYkc0jADwEdj1,166560,4,mem_1
0.883,0.525,2,-8.054,0,0.0633,0.189,0,0.0971,0.312,99.978,audio_features,2zjGJ0dChMR0KxBZS15aqo,spotify:track:2zjGJ0dChMR0KxBZS15aqo,https://api.spotify.com/v1/tracks/2zjGJ0dChMR0KxBZS15aqo,https://api.spotify.com/v1/audio-analysis/2zjGJ0dChMR0KxBZS15aqo,174100,4,mem_1
0.872,0.814,0,-4.568,1,0.155,0.00485,1.96e-06,0.214,0.57,98.985,audio_features,5N1o6d8zGcSZSeMFkOUQOk,spotify:track:5N1o6d8zGcSZSeMFkOUQOk,https://api.spotify.com/v1/tracks/5N1o6d8zGcSZSeMFkOUQOk,https://api.spotify.com/v1/audio-analysis/5N1o6d8zGcSZSeMFkOUQOk,199427,4,mem_1
0.74,0.498,11,-6.684,0,0.0456,0.0169,0.00282,0.319,0.652,98.016,audio_features,7LzouaWGFCy4tkXDOOnEyM,spotify:track:7LzouaWGFCy4tkXDOOnEyM,https://api.spotify.com/v1/tracks/7LzouaWGFCy4tkXDOOnEyM,https://api.spotify.com/v1/audio-analysis/7LzouaWGFCy4tkXDOOnEyM,207039,4,mem_1
0.53,0.538,5,-6.672,1,0.0335,0.17,2.83e-06,0.248,0.288,148.051,audio_features,44ADyYoY5liaRa3EOAl4uf,spotify:track:44ADyYoY5liaRa3EOAl4uf,https://api.spotify.com/v1/tracks/44ADyYoY5liaRa3EOAl4uf,https://api.spotify.com/v1/audio-analysis/44ADyYoY5liaRa3EOAl4uf,233654,4,mem_1
0.476,0.701,0,-4.234,1,0.0349,0.102,0,0.242,0.405,163.882,audio_features,2cvOfKHOHgwQlLiuLKP2xR,spotify:track:2cvOfKHOHgwQlLiuLKP2xR,https://api.spotify.com/v1/tracks/2cvOfKHOHgwQlLiuLKP2xR,https://api.spotify.com/v1/audio-analysis/2cvOfKHOHgwQlLiuLKP2xR,158120,4,mem_1
0.894,0.511,2,-4.768,1,0.42,0.0251,0,0.14,0.568,120.08,audio_features,67XyC1GdSkKb9sbRRkUDXS,spotify:track:67XyC1GdSkKb9sbRRkUDXS,https://api.spotify.com/v1/tracks/67XyC1GdSkKb9sbRRkUDXS,https://api.spotify.com/v1/audio-analysis/67XyC1GdSkKb9sbRRkUDXS,176632,4,mem_1
0.825,0.593,6,-6.401,0,0.0988,0.688,0.000161,0.17,0.54,98.078,audio_features,1rgnBhdG2JDFTbYkYRZAku,spotify:track:1rgnBhdG2JDFTbYkYRZAku,https://api.spotify.com/v1/tracks/1rgnBhdG2JDFTbYkYRZAku,https://api.spotify.com/v1/audio-analysis/1rgnBhdG2JDFTbYkYRZAku,209755,4,mem_1
0.901,0.4,0,-8.575,1,0.126,0.051,0,0.0599,0.346,135.984,audio_features,6TqXcAFInzjp0bODyvrWEq,spotify:track:6TqXcAFInzjp0bODyvrWEq,https://api.spotify.com/v1/tracks/6TqXcAFInzjp0bODyvrWEq,https://api.spotify.com/v1/audio-analysis/6TqXcAFInzjp0bODyvrWEq,197573,4,mem_1
0.562,0.502,6,-10.269,0,0.255,0.323,0,0.0757,0.322,120.104,audio_features,0UPBidRYcgJ2mjZlk08V8x,spotify:track:0UPBidRYcgJ2mjZlk08V8x,https://api.spotify.com/v1/tracks/0UPBidRYcgJ2mjZlk08V8x,https://api.spotify.com/v1/audio-analysis/0UPBidRYcgJ2mjZlk08V8x,224000,1,mem_1
0.714,0.532,11,-6.837,0,0.271,0.675,0,0.138,0.831,204.096,audio_features,3TLwAp3uX1nKsVxrDhNPOL,spotify:track:3TLwAp3uX1nKsVxrDhNPOL,https://api.spotify.com/v1/tracks/3TLwAp3uX1nKsVxrDhNPOL,https://api.spotify.com/v1/audio-analysis/3TLwAp3uX1nKsVxrDhNPOL,117013,4,mem_1
0.666,0.603,1,-5.671,1,0.0763,0.497,0,0.112,0.262,102.94,audio_features,6b2mfHMqWCA74XmUuVJm8r,spotify:track:6b2mfHMqWCA74XmUuVJm8r,https://api.spotify.com/v1/tracks/6b2mfHMqWCA74XmUuVJm8r,https://api.spotify.com/v1/audio-analysis/6b2mfHMqWCA74XmUuVJm8r,141413,4,mem_1
0.599,0.887,4,-3.967,1,0.0984,0.0192,1.21e-06,0.3,0.881,170.918,audio_features,0rIAC4PXANcKmitJfoqmVm,spotify:track:0rIAC4PXANcKmitJfoqmVm,https://api.spotify.com/v1/tracks/0rIAC4PXANcKmitJfoqmVm,https://api.spotify.com/v1/audio-analysis/0rIAC4PXANcKmitJfoqmVm,193837,4,mem_1
0.771,0.671,2,-5.617,1,0.0553,0.00929,0,0.0637,0.714,85.026,audio_features,6RRNNciQGZEXnqk8SQ9yv5,spotify:track:6RRNNciQGZEXnqk8SQ9yv5,https://api.spotify.com/v1/tracks/6RRNNciQGZEXnqk8SQ9yv5,https://api.spotify.com/v1/audio-analysis/6RRNNciQGZEXnqk8SQ9yv5,171360,4,mem_1
0.943,0.664,4,-5.952,0,0.106,0.235,5.84e-06,0.112,0.93,120.051,audio_features,2xE16muNCmhZwSOv3i1d1H,spotify:track:2xE16muNCmhZwSOv3i1d1H,https://api.spotify.com/v1/tracks/2xE16muNCmhZwSOv3i1d1H,https://api.spotify.com/v1/audio-analysis/2xE16muNCmhZwSOv3i1d1H,156893,4,mem_1
0.837,0.364,8,-11.713,1,0.276,0.149,0,0.271,0.463,123.984,audio_features,2JvzF1RMd7lE3KmFlsyZD8,spotify:track:2JvzF1RMd7lE3KmFlsyZD8,https://api.spotify.com/v1/tracks/2JvzF1RMd7lE3KmFlsyZD8,https://api.spotify.com/v1/audio-analysis/2JvzF1RMd7lE3KmFlsyZD8,213594,4,mem_1
0.469,0.489,0,-6.071,1,0.0314,0.841,0,0.103,0.201,74.013,audio_features,0KAzP1Rbp0Vz5pw8i1KDDI,spotify:track:0KAzP1Rbp0Vz5pw8i1KDDI,https://api.spotify.com/v1/tracks/0KAzP1Rbp0Vz5pw8i1KDDI,https://api.spotify.com/v1/audio-analysis/0KAzP1Rbp0Vz5pw8i1KDDI,123387,4,mem_1
0.798,0.675,6,-5.041,1,0.0442,0.0912,0,0.0894,0.842,101.956,audio_features,0hVXuCcriWRGvwMV1r5Yn9,spotify:track:0hVXuCcriWRGvwMV1r5Yn9,https://api.spotify.com/v1/tracks/0hVXuCcriWRGvwMV1r5Yn9,https://api.spotify.com/v1/audio-analysis/0hVXuCcriWRGvwMV1r5Yn9,219947,4,mem_1
0.777,0.658,0,-5.191,1,0.054,0.0767,0,0.0901,0.633,110.048,audio_features,3RauEVgRgj1IuWdJ9fDs70,spotify:track:3RauEVgRgj1IuWdJ9fDs70,https://api.spotify.com/v1/tracks/3RauEVgRgj1IuWdJ9fDs70,https://api.spotify.com/v1/audio-analysis/3RauEVgRgj1IuWdJ9fDs70,190360,4,mem_1
0.732,0.463,11,-6.972,0,0.0287,0.374,0,0.194,0.397,95.971,audio_features,6moU77g9RQyMzHNuKEaQKq,spotify:track:6moU77g9RQyMzHNuKEaQKq,https://api.spotify.com/v1/tracks/6moU77g9RQyMzHNuKEaQKq,https://api.spotify.com/v1/audio-analysis/6moU77g9RQyMzHNuKEaQKq,212607,4,mem_1
0.889,0.496,4,-6.365,0,0.0905,0.259,0,0.252,0.544,86.003,audio_features,2IRZnDFmlqMuOrYOLnZZyc,spotify:track:2IRZnDFmlqMuOrYOLnZZyc,https://api.spotify.com/v1/tracks/2IRZnDFmlqMuOrYOLnZZyc,https://api.spotify.com/v1/audio-analysis/2IRZnDFmlqMuOrYOLnZZyc,180522,4,mem_1
0.878,0.619,6,-5.56,1,0.102,0.0533,0,0.113,0.639,136.041,audio_features,2YpeDb67231RjR0MgVLzsG,spotify:track:2YpeDb67231RjR0MgVLzsG,https://api.spotify.com/v1/tracks/2YpeDb67231RjR0MgVLzsG,https://api.spotify.com/v1/audio-analysis/2YpeDb67231RjR0MgVLzsG,157067,4,mem_1
0.806,0.558,9,-6.46,1,0.0683,0.482,0,0.0618,0.678,95.016,audio_features,322tcqPhma7F6hfCeLisx0,spotify:track:322tcqPhma7F6hfCeLisx0,https://api.spotify.com/v1/tracks/322tcqPhma7F6hfCeLisx0,https://api.spotify.com/v1/audio-analysis/322tcqPhma7F6hfCeLisx0,198973,4,mem_1
0.581,0.662,9,-5.239,1,0.303,0.0153,0,0.111,0.434,93.023,audio_features,1wJRveJZLSb1rjhnUHQiv6,spotify:track:1wJRveJZLSb1rjhnUHQiv6,https://api.spotify.com/v1/tracks/1wJRveJZLSb1rjhnUHQiv6,https://api.spotify.com/v1/audio-analysis/1wJRveJZLSb1rjhnUHQiv6,189487,4,mem_1
0.834,0.73,8,-3.714,1,0.222,0.00513,0,0.124,0.446,155.008,audio_features,2xLMifQCjDGFmkHkpNLD9h,spotify:track:2xLMifQCjDGFmkHkpNLD9h,https://api.spotify.com/v1/tracks/2xLMifQCjDGFmkHkpNLD9h,https://api.spotify.com/v1/audio-analysis/2xLMifQCjDGFmkHkpNLD9h,312820,4,mem_1
0.896,0.671,1,-6.977,0,0.289,0.103,0,0.552,0.358,112.502,audio_features,78QR3Wp35dqAhFEc2qAGjE,spotify:track:78QR3Wp35dqAhFEc2qAGjE,https://api.spotify.com/v1/tracks/78QR3Wp35dqAhFEc2qAGjE,https://api.spotify.com/v1/audio-analysis/78QR3Wp35dqAhFEc2qAGjE,145543,4,mem_1
0.812,0.519,2,-4.823,1,0.0385,0.379,0,0.13,0.554,104.954,audio_features,4a6q8CR2hzLk2plDkSxkfD,spotify:track:4a6q8CR2hzLk2plDkSxkfD,https://api.spotify.com/v1/tracks/4a6q8CR2hzLk2plDkSxkfD,https://api.spotify.com/v1/audio-analysis/4a6q8CR2hzLk2plDkSxkfD,165714,4,mem_1
0.554,0.498,9,-8.866,1,0.0685,0.23,5.98e-06,0.795,0.413,79.635,audio_features,5hVghJ4KaYES3BFUATCYn0,spotify:track:5hVghJ4KaYES3BFUATCYn0,https://api.spotify.com/v1/tracks/5hVghJ4KaYES3BFUATCYn0,https://api.spotify.com/v1/audio-analysis/5hVghJ4KaYES3BFUATCYn0,190067,4,mem_1
0.729,0.603,6,-6.736,0,0.0666,0.0948,0,0.113,0.207,134.972,audio_features,3XiNC94b4Tq1xwv70sQJGN,spotify:track:3XiNC94b4Tq1xwv70sQJGN,https://api.spotify.com/v1/tracks/3XiNC94b4Tq1xwv70sQJGN,https://api.spotify.com/v1/audio-analysis/3XiNC94b4Tq1xwv70sQJGN,243976,4,mem_1
0.786,0.808,7,-3.702,1,0.0882,0.0846,0.000289,0.0822,0.609,105.027,audio_features,2ksOAxtIxY8yElEWw8RhgK,spotify:track:2ksOAxtIxY8yElEWw8RhgK,https://api.spotify.com/v1/tracks/2ksOAxtIxY8yElEWw8RhgK,https://api.spotify.com/v1/audio-analysis/2ksOAxtIxY8yElEWw8RhgK,301714,4,mem_1
0.759,0.73,0,-7.985,0,0.0516,0.145,3.06e-06,0.11,0.74,115.007,audio_features,7eBqSVxrzQZtK2mmgRG6lC,spotify:track:7eBqSVxrzQZtK2mmgRG6lC,https://api.spotify.com/v1/tracks/7eBqSVxrzQZtK2mmgRG6lC,https://api.spotify.com/v1/audio-analysis/7eBqSVxrzQZtK2mmgRG6lC,268434,4,mem_1
0.511,0.566,6,-7.23,0,0.2,0.349,0,0.34,0.218,83.903,audio_features,285pBltuF7vW8TeWk8hdRR,spotify:track:285pBltuF7vW8TeWk8hdRR,https://api.spotify.com/v1/tracks/285pBltuF7vW8TeWk8hdRR,https://api.spotify.com/v1/audio-analysis/285pBltuF7vW8TeWk8hdRR,239836,4,mem_1
0.61,0.624,2,-4.773,1,0.309,0.6,2.12e-06,0.243,0.244,176.169,audio_features,2TH65lNHgvLxCKXM3apjxI,spotify:track:2TH65lNHgvLxCKXM3apjxI,https://api.spotify.com/v1/tracks/2TH65lNHgvLxCKXM3apjxI,https://api.spotify.com/v1/audio-analysis/2TH65lNHgvLxCKXM3apjxI,250534,4,mem_1
0.659,0.623,4,-2.253,1,0.0451,0.0667,0,0.582,0.439,88.042,audio_features,4hPpVbbakQNv8YTHYaOJP4,spotify:track:4hPpVbbakQNv8YTHYaOJP4,https://api.spotify.com/v1/tracks/4hPpVbbakQNv8YTHYaOJP4,https://api.spotify.com/v1/audio-analysis/4hPpVbbakQNv8YTHYaOJP4,181824,4,mem_1
0.74,0.488,1,-7.664,0,0.27,0.234,0,0.241,0.584,149.042,audio_features,7rvyVWja33WG9R97oeJAjx,spotify:track:7rvyVWja33WG9R97oeJAjx,https://api.spotify.com/v1/tracks/7rvyVWja33WG9R97oeJAjx,https://api.spotify.com/v1/audio-analysis/7rvyVWja33WG9R97oeJAjx,120133,4,mem_1
0.829,0.582,7,-5.721,0,0.0415,0.525,0,0.0759,0.51,108.028,audio_features,5xjei7JnROsAzLY2a7RdZU,spotify:track:5xjei7JnROsAzLY2a7RdZU,https://api.spotify.com/v1/tracks/5xjei7JnROsAzLY2a7RdZU,https://api.spotify.com/v1/audio-analysis/5xjei7JnROsAzLY2a7RdZU,109373,4,mem_1
0.899,0.811,2,-6.294,1,0.258,0.000677,0,0.0672,0.587,105.038,audio_features,5KBARWIxeMGkvUax9VtVC9,spotify:track:5KBARWIxeMGkvUax9VtVC9,https://api.spotify.com/v1/tracks/5KBARWIxeMGkvUax9VtVC9,https://api.spotify.com/v1/audio-analysis/5KBARWIxeMGkvUax9VtVC9,126446,4,mem_1
0.749,0.461,10,-2.961,0,0.0416,0.0516,6.24e-06,0.0738,0.42,139.02,audio_features,26wLOs3ZuHJa2Ihhx6QIE6,spotify:track:26wLOs3ZuHJa2Ihhx6QIE6,https://api.spotify.com/v1/tracks/26wLOs3ZuHJa2Ihhx6QIE6,https://api.spotify.com/v1/audio-analysis/26wLOs3ZuHJa2Ihhx6QIE6,204887,4,mem_1
0.897,0.522,2,-7.578,1,0.374,0.0016,0,0.0554,0.623,149.986,audio_features,00ko9WaS4jOX1kEk3gvHjf,spotify:track:00ko9WaS4jOX1kEk3gvHjf,https://api.spotify.com/v1/tracks/00ko9WaS4jOX1kEk3gvHjf,https://api.spotify.com/v1/audio-analysis/00ko9WaS4jOX1kEk3gvHjf,225924,4,mem_1
0.778,0.317,1,-10.732,0,0.334,0.592,0,0.0881,0.327,140.048,audio_features,6ocbgoVGwYJhOv1GgI9NsF,spotify:track:6ocbgoVGwYJhOv1GgI9NsF,https://api.spotify.com/v1/tracks/6ocbgoVGwYJhOv1GgI9NsF,https://api.spotify.com/v1/audio-analysis/6ocbgoVGwYJhOv1GgI9NsF,178627,4,mem_1
0.552,0.702,9,-5.707,1,0.157,0.117,2.06e-05,0.105,0.564,169.994,audio_features,1BxfuPKGuaTgP7aM0Bbdwr,spotify:track:1BxfuPKGuaTgP7aM0Bbdwr,https://api.spotify.com/v1/tracks/1BxfuPKGuaTgP7aM0Bbdwr,https://api.spotify.com/v1/audio-analysis/1BxfuPKGuaTgP7aM0Bbdwr,178427,4,mem_1
0.351,0.296,4,-10.109,0,0.0333,0.934,0,0.095,0.12,115.284,audio_features,0u2P5u6lvoDfwTYjAADbn4,spotify:track:0u2P5u6lvoDfwTYjAADbn4,https://api.spotify.com/v1/tracks/0u2P5u6lvoDfwTYjAADbn4,https://api.spotify.com/v1/audio-analysis/0u2P5u6lvoDfwTYjAADbn4,200186,4,mem_1
0.294,0.505,3,-8.106,1,0.042,0.12,0,0.0977,0.357,85.332,audio_features,6wo37KVqFJhtuxPTpLCcfe,spotify:track:6wo37KVqFJhtuxPTpLCcfe,https://api.spotify.com/v1/tracks/6wo37KVqFJhtuxPTpLCcfe,https://api.spotify.com/v1/audio-analysis/6wo37KVqFJhtuxPTpLCcfe,209893,1,mem_1
0.921,0.635,1,-4.904,1,0.416,0.0218,0,0.0946,0.549,130.028,audio_features,2rMAtCaTj16NptyVfEIeAC,spotify:track:2rMAtCaTj16NptyVfEIeAC,https://api.spotify.com/v1/tracks/2rMAtCaTj16NptyVfEIeAC,https://api.spotify.com/v1/audio-analysis/2rMAtCaTj16NptyVfEIeAC,192540,4,mem_1
0.682,0.559,0,-5.545,1,0.127,0.174,0,0.344,0.137,202.015,audio_features,3j84U36KvLeXNDPv4t5pI8,spotify:track:3j84U36KvLeXNDPv4t5pI8,https://api.spotify.com/v1/tracks/3j84U36KvLeXNDPv4t5pI8,https://api.spotify.com/v1/audio-analysis/3j84U36KvLeXNDPv4t5pI8,192471,4,mem_1
0.367,0.111,4,-14.084,1,0.0972,0.978,3.97e-05,0.0897,0.198,82.642,audio_features,43zdsphuZLzwA9k4DJhU0I,spotify:track:43zdsphuZLzwA9k4DJhU0I,https://api.spotify.com/v1/tracks/43zdsphuZLzwA9k4DJhU0I,https://api.spotify.com/v1/audio-analysis/43zdsphuZLzwA9k4DJhU0I,196077,4,mem_1
0.664,0.316,5,-10.345,1,0.519,0.298,2.03e-06,0.0812,0.541,92.875,audio_features,43rA71bccXFGD4C8GOpIlN,spotify:track:43rA71bccXFGD4C8GOpIlN,https://api.spotify.com/v1/tracks/43rA71bccXFGD4C8GOpIlN,https://api.spotify.com/v1/audio-analysis/43rA71bccXFGD4C8GOpIlN,170640,4,mem_1
0.842,0.734,1,-5.065,0,0.0588,0.0427,0,0.106,0.952,137.958,audio_features,22vgEDb5hykfaTwLuskFGD,spotify:track:22vgEDb5hykfaTwLuskFGD,https://api.spotify.com/v1/tracks/22vgEDb5hykfaTwLuskFGD,https://api.spotify.com/v1/audio-analysis/22vgEDb5hykfaTwLuskFGD,181027,4,mem_1
0.587,0.535,5,-6.09,0,0.0898,0.117,6.56e-05,0.131,0.14,159.847,audio_features,0e7ipj03S05BNilyu5bRzt,spotify:track:0e7ipj03S05BNilyu5bRzt,https://api.spotify.com/v1/tracks/0e7ipj03S05BNilyu5bRzt,https://api.spotify.com/v1/audio-analysis/0e7ipj03S05BNilyu5bRzt,218147,4,mem_1
0.596,0.552,0,-10.278,0,0.097,0.0765,0.334,0.104,0.112,97.949,audio_features,6zeeWid2sgw4lap2jV61PZ,spotify:track:6zeeWid2sgw4lap2jV61PZ,https://api.spotify.com/v1/tracks/6zeeWid2sgw4lap2jV61PZ,https://api.spotify.com/v1/audio-analysis/6zeeWid2sgw4lap2jV61PZ,229320,4,mem_1
0.632,0.686,6,-7.665,0,0.243,0.549,0,0.2,0.329,89.949,audio_features,7FGq80cy8juXBCD2nrqdWU,spotify:track:7FGq80cy8juXBCD2nrqdWU,https://api.spotify.com/v1/tracks/7FGq80cy8juXBCD2nrqdWU,https://api.spotify.com/v1/audio-analysis/7FGq80cy8juXBCD2nrqdWU,170770,4,mem_1
0.68,0.563,10,-5.843,1,0.0454,0.354,0,0.136,0.374,145.028,audio_features,7dt6x5M1jzdTEt8oCbisTK,spotify:track:7dt6x5M1jzdTEt8oCbisTK,https://api.spotify.com/v1/tracks/7dt6x5M1jzdTEt8oCbisTK,https://api.spotify.com/v1/audio-analysis/7dt6x5M1jzdTEt8oCbisTK,231267,4,mem_1
0.685,0.692,2,-5.122,1,0.0457,0.328,0,0.153,0.578,159.966,audio_features,6Hj9jySrnFppAI0sEMCZpJ,spotify:track:6Hj9jySrnFppAI0sEMCZpJ,https://api.spotify.com/v1/tracks/6Hj9jySrnFppAI0sEMCZpJ,https://api.spotify.com/v1/audio-analysis/6Hj9jySrnFppAI0sEMCZpJ,240051,5,mem_1
0.809,0.545,7,-6.678,1,0.0735,0.392,0,0.151,0.244,97.008,audio_features,3QzAOrNlsabgbMwlZt7TAY,spotify:track:3QzAOrNlsabgbMwlZt7TAY,https://api.spotify.com/v1/tracks/3QzAOrNlsabgbMwlZt7TAY,https://api.spotify.com/v1/audio-analysis/3QzAOrNlsabgbMwlZt7TAY,180435,4,mem_1
0.691,0.823,2,-4.197,1,0.0623,0.487,0,0.134,0.87,123.935,audio_features,2bT1PH7Cw3J9p3t7nlXCdh,spotify:track:2bT1PH7Cw3J9p3t7nlXCdh,https://api.spotify.com/v1/tracks/2bT1PH7Cw3J9p3t7nlXCdh,https://api.spotify.com/v1/audio-analysis/2bT1PH7Cw3J9p3t7nlXCdh,191467,4,mem_1
0.515,0.479,3,-7.458,1,0.0261,0.544,0.00598,0.191,0.284,88.964,audio_features,0rKtyWc8bvkriBthvHKY8d,spotify:track:0rKtyWc8bvkriBthvHKY8d,https://api.spotify.com/v1/tracks/0rKtyWc8bvkriBthvHKY8d,https://api.spotify.com/v1/audio-analysis/0rKtyWc8bvkriBthvHKY8d,209274,4,mem_1
0.852,0.73,1,-5.803,1,0.0579,0.0219,0,0.336,0.394,92.506,audio_features,7f1zjZG77S891Uv4O68yfk,spotify:track:7f1zjZG77S891Uv4O68yfk,https://api.spotify.com/v1/tracks/7f1zjZG77S891Uv4O68yfk,https://api.spotify.com/v1/audio-analysis/7f1zjZG77S891Uv4O68yfk,157693,4,mem_1
0.897,0.743,10,-5.446,0,0.222,0.304,4.44e-05,0.137,0.905,134.979,audio_features,643PW82aBMUa1FiWi5VQY7,spotify:track:643PW82aBMUa1FiWi5VQY7,https://api.spotify.com/v1/tracks/643PW82aBMUa1FiWi5VQY7,https://api.spotify.com/v1/audio-analysis/643PW82aBMUa1FiWi5VQY7,187105,4,mem_1
